Definition ID,Database,Table,Data Item,Description,Data type,Is_Derived_Item,Derivation_Methodology,Data Dictionary Name,Data Dictionary Links,Technical check,Business check,RK 2
134,NHSE_SEM_Live,tbl_Data_SEM_OPA,OPA_Ident,Primary Key - Use this field to join to the other tbl_Data_SEM_OPA_* tables.,bigint,Yes,A unique integer assigned to the record in sequential order.  Does not represent any information about the patient.,,,RK,Is it appropiate that we include the SQL? Why do we have one asterick instead of three?,"No SQL code, just a table name. Grammatical reasons."
135,NHSE_SEM_Live,tbl_Data_SEM_OPA,OPA_Load_ID,An identifier assigned during loading to aid processing.,int,Yes,An identifier assigned in sequential order to each load file during processing.  Does not represent any information about the patient.,,,RK,ZA,
136,NHSE_SEM_Live,tbl_Data_SEM_OPA,OPA_Raw_ID,An identifier on the raw data which is imported used during loading and processing.,bigint,No,,,,RK,ZA,
137,NHSE_SEM_Live,tbl_Data_SEM_OPA,OPA_File_ID,An identifier to distinguish between the OPA files during the load process.,int,Yes,Taken directly from the imported SEM OPA (Outpatient appointments) table.,,,RK,ZA,
138,NHSE_SEM_Live,tbl_Data_SEM_OPA,OPA_DSCRO_Code,The DSCRO responsible for submitting the data.  Largely used for data processing rather than analysis.,varchar(3),Yes,Taken directly from the imported file to identify the DSCRO from which the data was received.,,,RK,Irrelevant ,"Disagree, lets analysts know there are probably better fields to use."
139,NHSE_SEM_Live,tbl_Data_SEM_OPA,OPA_PCD_Indicator,"Indicates whether the appointment contains any Patient Confidential Data in free text fields. Any PCD is removed from the text fields and replaced with a marker within the string, e.g. if an NHS Number is found this is replaced with the text ""_<NHS_No>_"".",varchar(1),Yes,"Prior to pseudonymisation and publication, eight free text fields (Unique_CDS_Identifier, Unique_Booking_Reference_Number_Converted, Local_Patient_ID, Patient_Pathway_ID, Provider_Reference_Number, Commissioner_Reference_Number, Agreement_Line_Number, Attendance_Identifier) are scanned for NHS Number, Postcode and Date of Birth of the patient.  If PCD is found in any of these fields,  the patient confidential data held within that field is stripped and replaced with a marker ('_<NHS_No>_', _<PC_' or '_<DoB_') and the record is flagged with a '1' in OPA_PCD_Indicator. ",,,RK,Is it nesscary to list all these? Doesn't make any sense in the second paragraph,"For transparency of derivation methodology, I think so.
Reworded."
140,NHSE_SEM_Live,tbl_Data_SEM_OPA,Generated_Record_ID,An identifier applied by NHS Digital to each record prior to importing to the NCDR.,bigint,No,,,,RK,ZA,
141,NHSE_SEM_Live,tbl_Data_SEM_OPA,Reason_for_Access,Details the reasons why the record is on the extract.,varchar(6),No,,,,RK,Does this need to be in the derived methodlologyt?,Not derived in NCDR
142,NHSE_SEM_Live,tbl_Data_SEM_OPA,CDS_type,CDS TYPE CODE is a code to identify the specific type of Commissioning Data Set data.,varchar(3),No,,CDS TYPE CODE,http://www.datadictionary.nhs.uk/data_dictionary/data_field_notes/c/cd/cds_type_code_de.asp?shownav=1,RK,Not happy with the capitals ,As in the data dictionary
143,NHSE_SEM_Live,tbl_Data_SEM_OPA,Protocol_Identifier,CDS PROTOCOL IDENTIFIER CODE is a code to identify the Commissioning Data Set Submission Protocol associated with the transaction.,varchar(3),No,,CDS PROTOCOL IDENTIFIER CODE,http://www.datadictionary.nhs.uk/data_dictionary/data_field_notes/c/cd/cds_protocol_identifier_code_de.asp?shownav=1,RK,ZA,
144,NHSE_SEM_Live,tbl_Data_SEM_OPA,Unique_CDS_Identifier,A Commissioning Data Set data element providing a unique identity for the life-time of an episode carried in a Commissioning Data Set message.,varchar(38),No,,CDS UNIQUE IDENTIFIER,http://www.datadictionary.nhs.uk/data_dictionary/data_field_notes/c/cd/cds_unique_identifier_de.asp?shownav=1,RK,ZA,
145,NHSE_SEM_Live,tbl_Data_SEM_OPA,PbR_Spell_ID,An identifier assigned by NHS Digital prior to import to the NCDR.,varchar(15),No,,,,RK,ZA,
146,NHSE_SEM_Live,tbl_Data_SEM_OPA,Update_Type,CDS UPDATE TYPE is a code to indicate the required database update process for the submitted CDS Message.,varchar(3),No,,CDS UPDATE TYPE,http://www.datadictionary.nhs.uk/data_dictionary/data_field_notes/c/cd/cds_update_type_de.asp?shownav=1,RK,ZA,
147,NHSE_SEM_Live,tbl_Data_SEM_OPA,Bulk_Replacement_CDS_Group,CDS BULK REPLACEMENT GROUP CODE is the Commissioning Data Set Group into which CDS Types must be grouped when using the Commissioning Data Set Bulk Replacement Update Mechanism.,varchar(3),No,,CDS BULK REPLACEMENT GROUP CODE,http://www.datadictionary.nhs.uk/data_dictionary/data_field_notes/c/cd/cds_bulk_replacement_group_code_de.asp?shownav=1,RK,ZA,
148,NHSE_SEM_Live,tbl_Data_SEM_OPA,Test_Indicator,CDS INTERCHANGE TEST INDICATOR indicates whether the Interchange is a production or test Interchange.,varchar(1),No,,CDS INTERCHANGE TEST INDICATOR,http://www.datadictionary.nhs.uk/data_dictionary/data_field_notes/c/cd/cds_interchange_test_indicator_de.asp?shownav=1,RK,ZA,
149,NHSE_SEM_Live,tbl_Data_SEM_OPA,Applicable_Date_Time,The date and time of the update event (or the nearest equivalent) that resulted in the need to exchange this CDS.,datetime,No,,"CDS APPLICABLE DATE
CDS APPLICABLE TIME

","http://www.datadictionary.nhs.uk/version2/data_dictionary/data_field_notes/c/cds_applicable_date_de.asp?shownav=1
http://www.datadictionary.nhs.uk/version2/data_dictionary/data_field_notes/c/cds_applicable_time_de.asp?shownav=1",RK,Does this need to be put as derived?,"no, received from nhs digital in this format."
150,NHSE_SEM_Live,tbl_Data_SEM_OPA,Census_Date,CDS CENSUS DATE is the DATE on which the relevant census was undertaken.,datetime,No,,CDS CENSUS DATE,http://www.datadictionary.nhs.uk/data_dictionary/data_field_notes/c/cd/cds_census_date_de.asp?shownav=1,RK,ZA,
151,NHSE_SEM_Live,tbl_Data_SEM_OPA,Extract_Date_Time,CDS EXTRACT DATE is the DATE and TIME of the update event (or the nearest equivalent) that resulted in the need to exchange this Commissioning Data Set.,datetime,No,,"CDS EXTRACT DATE
CDS EXTRACT TIME

","http://www.datadictionary.nhs.uk/data_dictionary/data_field_notes/c/cd/cds_extract_date_de.asp?shownav=1
http://www.datadictionary.nhs.uk/data_dictionary/data_field_notes/c/cd/cds_extract_time_de.asp?shownav=1",RK,ZA,
152,NHSE_SEM_Live,tbl_Data_SEM_OPA,Report_Period_Start_Date,CDS REPORT PERIOD START DATE defines the Start Date (for the date range of the data being exchanged) for the Bulk Replacement Update time period.,datetime,No,,CDS REPORT PERIOD START DATE,http://www.datadictionary.nhs.uk/data_dictionary/data_field_notes/c/cd/cds_report_period_start_date_de.asp,RK,ZA,
153,NHSE_SEM_Live,tbl_Data_SEM_OPA,Report_Period_End_Date,CDS REPORT PERIOD END DATE defines the End Date (for the date range of the data being exchanged) for the Commissioning Data Set Bulk Replacement Update time period.,datetime,No,,CDS REPORT PERIOD END DATE,http://www.datadictionary.nhs.uk/data_dictionary/data_field_notes/c/cd/cds_report_period_end_date_de.asp,RK,ZA,
154,NHSE_SEM_Live,tbl_Data_SEM_OPA,Org_Code_Sender,ORGANISATION CODE (CODE OF SUBMITTING ORGANISATION) is the ORGANISATION CODE of the Organisation acting as the physical sender of a Data Set submission.,varchar(6),No,,ORGANISATION CODE (CODE OF SUBMITTING ORGANISATION),http://www.datadictionary.nhs.uk/data_dictionary/data_field_notes/o/org/organisation_code_(code_of_submitting_organisation)_de.asp?shownav=1,RK,ZA,
155,NHSE_SEM_Live,tbl_Data_SEM_OPA,Org_Code_Type_of_Sender,The ORGANISATION CODE TYPE of the ORGANISATION acting as the physical sender of a Data Set submission.,varchar(3),No,,ORGANISATION CODE TYPE,http://www.datadictionary.nhs.uk/data_dictionary/data_field_notes/o/org/organisation_code_type_de.asp?shownav=1,RK,ZA,
156,NHSE_SEM_Live,tbl_Data_SEM_OPA,Submission_Date,Date the file was submitted.,datetime,No,,,,RK,ZA,
157,NHSE_SEM_Live,tbl_Data_SEM_OPA,CDS_Interchange_ID,"CDS INTERCHANGE SENDER IDENTITY is the assigned EDI (""Electronic Data Interchange"", a standard way of formatting data for exchange between organisations) Address of the physical Organisation or site responsible for sending Commissioning data.",varchar(20),No,,CDS INTERCHANGE SENDER IDENTITY,http://www.datadictionary.nhs.uk/data_dictionary/data_field_notes/c/cd/cds_interchange_sender_identity_de.asp?shownav=1,RK,What is EDI?,explained
158,NHSE_SEM_Live,tbl_Data_SEM_OPA,Local_Patient_ID,Number used to identify a PATIENT uniquely within a Health Care Provider. It may be different from the PATIENT's casenote number and may be assigned automatically by the computer system.,varchar(13),No,,LOCAL PATIENT IDENTIFIER,http://www.datadictionary.nhs.uk/data_dictionary/attributes/l/lo/local_patient_identifier_de.asp?shownav=1,RK,ZA,
159,NHSE_SEM_Live,tbl_Data_SEM_OPA,Org_Code_Local_Patient_ID,ORGANISATION CODE (LOCAL PATIENT IDENTIFIER) is the ORGANISATION CODE of the Organisation that assigned the LOCAL PATIENT IDENTIFIER.,varchar(6),No,,ORGANISATION CODE (LOCAL PATIENT IDENTIFIER) ,http://www.datadictionary.nhs.uk/data_dictionary/data_field_notes/o/org/organisation_code_(local_patient_identifier)_de.asp?shownav=1,RK,ZA,
160,NHSE_SEM_Live,tbl_Data_SEM_OPA,Org_Code_Type_Local_Patient_ID,"A code to identify the format and basis of the release of an NHS ORGANISATION CODE, in this case the ORGANISATION CODE of the PROVIDER which assigned the LOCAL PATIENT IDENTIFIER.",varchar(3),No,,ORGANISATION CODE TYPE,http://www.datadictionary.nhs.uk/data_dictionary/data_field_notes/o/org/organisation_code_type_de.asp?shownav=1,RK,Stuff in red is not nesccary,"It is needed to explain it is org code type, rather than org code."
161,NHSE_SEM_Live,tbl_Data_SEM_OPA,Carer_Support_Indicator,An indication of whether Carer support is available to the PATIENT at their normal residence.,varchar(2),No,,CARER SUPPORT INDICATOR,http://www.datadictionary.nhs.uk/data_dictionary/attributes/c/card/carer_support_indicator_de.asp?shownav=1?,RK,Why is this in CAP LOCKS?,changed
162,NHSE_SEM_Live,tbl_Data_SEM_OPA,NHS_Number_Trace_Status,NHS NUMBER STATUS INDICATOR CODE is the trace status of the NHS NUMBER.,varchar(2),No,,NHS NUMBER STATUS INDICATOR CODE,http://www.datadictionary.nhs.uk/data_dictionary/data_field_notes/n/nhs/nhs_number_status_indicator_code_de.asp?shownav=1,RK,Is this derived?,nope
163,NHSE_SEM_Live,tbl_Data_SEM_OPA,Withheld_Identity_Reason,"WITHHELD IDENTITY REASON is used in Data Group 'Withheld Identity Structure' in the Commissioning Data Sets (version 6-2 onwards).  It allows suppliers of Commissioning Data Set records to indicate to recipients of the record (for example, the Commissioner of the activity) that the record has been purposely anonymised for a valid reason.",varchar(2),No,,WITHHELD IDENTITY REASON,http://www.datadictionary.nhs.uk/data_dictionary/data_field_notes/w/we/withheld_identity_reason_de.asp?shownav=1,RK,Stuff in red doesn?t make sense,direct from DD
164,NHSE_SEM_Live,tbl_Data_SEM_OPA,Sex,"The classification is phenotypical rather than genotypical, i.e. it does not provide codes for medical or scientific purposes.",varchar(1),No,,PERSON GENDER CODE CURRENT,http://www.datadictionary.nhs.uk/data_dictionary/attributes/p/person/person_gender_code_de.asp?shownav=1,RK,ZA,
165,NHSE_SEM_Live,tbl_Data_SEM_OPA,Name_Format_Code,"This is used in the CDS to identify the format of a PATIENT NAME, with the classification values indicating whether it is a PERSON NAME STRUCTURED or PERSON NAME UNSTRUCTURED.",varchar(3),No,,NAME FORMAT CODE,http://www.datadictionary.nhs.uk/data_dictionary/data_field_notes/n/name_format_code_de.asp?shownav=1,RK,ZA,
167,NHSE_SEM_Live,tbl_Data_SEM_OPA,Org_Code_Residence_Responsibility,"ORGANISATION CODE (RESIDENCE RESPONSIBILITY) is the ORGANISATION CODE according to the PATIENT's POSTCODE OF USUAL ADDRESS, where they reside within the boundary of a Clinical Commissioning Group (CCG).",varchar(6),No,,ORGANISATION CODE (RESIDENCE RESPONSIBILITY) ,http://www.datadictionary.nhs.uk/data_dictionary/data_field_notes/o/org/organisation_code_(residence_responsibility)_de.asp?shownav=1,RK,ZA,
168,NHSE_SEM_Live,tbl_Data_SEM_OPA,PCT_of_Residence,"ORGANISATION CODE (RESIDENCE RESPONSIBILITY) is the ORGANISATION CODE according to the PATIENT's POSTCODE OF USUAL ADDRESS, where they reside within the boundary of a Primary Care Trust (PCT).",varchar(6),No,,PCT OF RESIDENCE,http://www.datadictionary.nhs.uk/version2/data_dictionary/data_field_notes/p/pct_of_residence_ch.asp?shownav=1,RK,ZA,
169,NHSE_SEM_Live,tbl_Data_SEM_OPA,Org_Code_Type_PCT_of_Residence,"The ORGANISATION TYPE of the ORGANISATION derived from the PATIENT's POSTCODE OF USUAL ADDRESS, where they reside within the boundary of a PRIMARY CARE TRUST (PCT).",varchar(3),No,,ORGANISATION CODE TYPE,http://www.datadictionary.nhs.uk/data_dictionary/data_field_notes/o/org/organisation_code_type_de.asp?shownav=1,RK,ZA,
170,NHSE_SEM_Live,tbl_Data_SEM_OPA,Ethnic_Category,"The ethnicity of a PERSON, as specified by the PERSON.",varchar(2),No,,ETHNIC CATEGORY CODE,http://www.datadictionary.nhs.uk/data_dictionary/attributes/e/end/ethnic_category_code_de.asp?shownav=1,RK,ZA,
171,NHSE_SEM_Live,tbl_Data_SEM_OPA,OSV_Class_at_CDS_Activity_Date,A classification of OVERSEAS VISITOR STATUS at CDS Activity Date.,varchar(1),No,,OVERSEAS VISITOR STATUS CLASSIFICATION AT CDS ACTIVITY DATE,http://www.datadictionary.nhs.uk/data_dictionary/data_field_notes/o/ov/overseas_visitor_status_classification_at_cds_activity_date_de.asp?shownav=1,RK,Is this not derived?,nope
172,NHSE_SEM_Live,tbl_Data_SEM_OPA,Consultant_Code,A code uniquely identifying a CONSULTANT.,varchar(8),No,,CONSULTANT CODE,http://www.datadictionary.nhs.uk/data_dictionary/attributes/c/cons/consultant_code_de.asp?shownav=1,RK,ZA,
173,NHSE_SEM_Live,tbl_Data_SEM_OPA,Main_Specialty_Code,CARE PROFESSIONAL MAIN SPECIALTY CODE is the specialty in which the CONSULTANT is contracted or recognised. MAIN SPECIALTY classifies clinical work divisions more precisely for a limited number of specialties.,varchar(3),No,,CARE PROFESSIONAL MAIN SPECIALTY CODE,http://www.datadictionary.nhs.uk/data_dictionary/data_field_notes/c/care/care_professional_main_specialty_code_de.asp?shownav=1,RK,ZA,
174,NHSE_SEM_Live,tbl_Data_SEM_OPA,Treatment_Function_Code,TREATMENT FUNCTION CODE is recorded to report the specialised service within which the PATIENT is treated.,varchar(3),No,,TREATMENT FUNCTION CODE,http://www.datadictionary.nhs.uk/data_dictionary/attributes/t/tran/treatment_function_code_de.asp?shownav=1,RK,ZA,
175,NHSE_SEM_Live,tbl_Data_SEM_OPA,Local_Sub_Specialty_Code,A unique identifier for a LOCAL SUB-SPECIALTY.,varchar(8),No,,LOCAL SUB-SPECIALTY CODE,http://www.datadictionary.nhs.uk/data_dictionary/attributes/l/lo/local_sub-specialty_code_de.asp?shownav=1,RK,ZA,
176,NHSE_SEM_Live,tbl_Data_SEM_OPA,MultiProf_Ind_Code,"An indication of whether a PATIENT was seen by a single or multiple CARE PROFESSIONALS during a Clinic Attendance Consultant or Clinic Attendance Non-Consultant, recorded for the purposes of the National Tariff Payment System.",varchar(1),No,,MULTI-PROFESSIONAL OR MULTI-DISCIPLINARY INDICATION CODE,http://www.datadictionary.nhs.uk/data_dictionary/attributes/m/mi/multi-professional_or_multi-disciplinary_indication_code_de.asp?shownav=1,RK,ZA,
177,NHSE_SEM_Live,tbl_Data_SEM_OPA,Rehab_Assess_Team_Type,"An indication of whether the CARE PROFESSIONAL TEAM undertaking a Rehabilitation Assessment, is specialised or non-specialised.",varchar(1),No,,REHABILITATION ASSESSMENT TEAM TYPE,http://www.datadictionary.nhs.uk/data_dictionary/attributes/r/red/rehabilitation_assessment_team_type_de.asp?shownav=1,RK,ZA,
178,NHSE_SEM_Live,tbl_Data_SEM_OPA,Attendance_Identifier,ATTENDANCE IDENTIFIER is the ACTIVITY IDENTIFIER for the attendance.,varchar(15),No,,ATTENDANCE IDENTIFIER,http://www.datadictionary.nhs.uk/data_dictionary/data_field_notes/a/as/attendance_identifier_de.asp?shownav=1?,RK,ZA,
180,NHSE_SEM_Live,tbl_Data_SEM_OPA,Attendance_Status,An indication of whether an APPOINTMENT for a CARE CONTACT took place.,varchar(1),No,,ATTENDED OR DID NOT ATTEND,http://www.datadictionary.nhs.uk/data_dictionary/attributes/a/at/attended_or_did_not_attend_de.asp?shownav=1,RK,ZA,
181,NHSE_SEM_Live,tbl_Data_SEM_OPA,First_Attendance,An indication of whether a PATIENT is making a first attendance or contact; or a follow-up attendance or contact and whether the CONSULTATION MEDIUM USED national code was 'Face to face communication' or 'Telephone' or 'Telemedicine web camera'.,varchar(1),No,,FIRST ATTENDANCE,http://www.datadictionary.nhs.uk/data_dictionary/attributes/f/first_attendance_de.asp?shownav=1,RK,Isn't this derived?,nope
182,NHSE_SEM_Live,tbl_Data_SEM_OPA,Medical_Staff_Type_Seeing_Patient,The type of CARE PROFESSIONAL staff dealing with the PATIENT during an Out-Patient Attendance Consultant or Nurse or Midwife Contact.,varchar(2),No,,MEDICAL STAFF TYPE SEEING PATIENT,http://www.datadictionary.nhs.uk/data_dictionary/attributes/m/medical_staff_type_seeing_patient_de.asp?shownav=1,RK,ZA,
183,NHSE_SEM_Live,tbl_Data_SEM_OPA,Operation_Status,OPERATION STATUS CODES should be used once for each record to record states of knowledge regarding the operative procedure.,varchar(1),No,,OPERATION STATUS CODE,http://www.datadictionary.nhs.uk/data_dictionary/data_field_notes/o/oc/operation_status_code_de.asp?shownav=1,RK,ZA,
184,NHSE_SEM_Live,tbl_Data_SEM_OPA,Outcome_of_Attendance,This records the outcome of an Out-Patient Attendance Consultant.,varchar(1),No,,OUTCOME OF ATTENDANCE,http://www.datadictionary.nhs.uk/data_dictionary/attributes/o/out/outcome_of_attendance_de.asp?shownav=1,RK,ZA,
185,NHSE_SEM_Live,tbl_Data_SEM_OPA,Appointment_Date,The date of an APPOINTMENT.,datetime,No,,APPOINTMENT DATE,http://www.datadictionary.nhs.uk/data_dictionary/attributes/a/ap/appointment_date_de.asp?shownav=1?,RK,ZA,
186,NHSE_SEM_Live,tbl_Data_SEM_OPA,Appointment_Time,"The time, recorded using the 24 hour clock, advised to a PATIENT for when they can expect to see a relevant CARE PROFESSIONAL at an Out-Patient Clinic.",varchar(8),No,,APPOINTMENT TIME,http://www.datadictionary.nhs.uk/data_dictionary/attributes/a/ap/appointment_time_de.asp?shownav=1?,RK,ZA,
187,NHSE_SEM_Live,tbl_Data_SEM_OPA,Appointment_Expected_Duration,"EXPECTED DURATION OF APPOINTMENT is the expected duration in minutes of an APPOINTMENT when booked, prior to the attendance of the PATIENT.",int,No,,EXPECTED DURATION OF APPOINTMENT,http://www.datadictionary.nhs.uk/data_dictionary/data_field_notes/e/ex/expected_duration_of_appointment_de.asp?shownav=1?,RK,ZA,
188,NHSE_SEM_Live,tbl_Data_SEM_OPA,Consultation_Medium_Used,"CONSULTATION MEDIUM USED identifies the communication mechanism used to relay information between the CARE PROFESSIONAL and the PERSON who is the subject of the consultation, during a CARE ACTIVITY.",varchar(2),No,,CONSULTATION MEDIUM USED,http://www.datadictionary.nhs.uk/data_dictionary/attributes/c/cons/consultation_medium_used_de.asp?shownav=1,RK,ZA,
189,NHSE_SEM_Live,tbl_Data_SEM_OPA,Waiting_Time_Measurement_Type,The type of waiting time measurement methodology which may be applied during a PATIENT PATHWAY.,varchar(2),No,,WAITING TIME MEASUREMENT TYPE,http://www.datadictionary.nhs.uk/data_dictionary/attributes/w/waiting_time_measurement_type_de.asp,RK,ZA,
191,NHSE_SEM_Live,tbl_Data_SEM_OPA,Earliest_Clinically_Appropriate_Date,EARLIEST CLINICALLY APPROPRIATE DATE is the earliest DATE that it was clinically appropriate for an ACTIVITY to take place.,datetime,No,,EARLIEST CLINICALLY APPROPRIATE DATE,http://www.datadictionary.nhs.uk/data_dictionary/data_field_notes/e/earliest_clinically_appropriate_date_de.asp?shownav=1,RK,ZA,
192,NHSE_SEM_Live,tbl_Data_SEM_OPA,Clinic_Code,Identifies the CLINIC OR FACILITY where an Out-Patient Appointment took place.,varchar(12),No,,CLINIC CODE ,http://www.datadictionary.nhs.uk/data_dictionary/data_field_notes/c/cl/clinic_code_de.asp?shownav=1,RK,ZA,
193,NHSE_SEM_Live,tbl_Data_SEM_OPA,Commissioning_Serial_Number,COMMISSIONING SERIAL NUMBER is the same as attribute NHS SERVICE AGREEMENT NUMBER (a number used to uniquely identify a NHS SERVICE AGREEMENT by an Organisation acting as commissioner of patient care services).,varchar(6),No,,COMMISSIONING SERIAL NUMBER,http://www.datadictionary.nhs.uk/data_dictionary/data_field_notes/c/co/commissioning_serial_number_de.asp?shownav=1,RK,ZA,
194,NHSE_SEM_Live,tbl_Data_SEM_OPA,Agreement_Line_Number,A number (alphanumeric) to provide a unique identifier for a line within a NHS SERVICE AGREEMENT.,varchar(13),No,,NHS SERVICE AGREEMENT LINE NUMBER,http://www.datadictionary.nhs.uk/data_dictionary/attributes/n/nhs/nhs_service_agreement_line_number_de.asp?shownav=1,RK,ZA,
195,NHSE_SEM_Live,tbl_Data_SEM_OPA,Provider_Reference_No,PROVIDER REFERENCE NUMBER is a number convention agreed locally between a provider and Commissioner for use within a Commissioning Data Set message.,varchar(20),No,,PROVIDER REFERENCE NUMBER,http://www.datadictionary.nhs.uk/data_dictionary/data_field_notes/p/prod/provider_reference_number_de.asp?shownav=1,RK,ZA,
196,NHSE_SEM_Live,tbl_Data_SEM_OPA,Commissioner_Reference_No,A number (alphanumeric) allocated by the commissioner to a REFERRAL REQUEST.,varchar(20),No,,COMMISSIONER REFERENCE NUMBER,http://www.datadictionary.nhs.uk/data_dictionary/attributes/c/com/commissioner_reference_number_de.asp?shownav=1,RK,ZA,
197,NHSE_SEM_Live,tbl_Data_SEM_OPA,Provider_Code,ORGANISATION CODE (CODE OF PROVIDER) is the ORGANISATION CODE of the Organisation acting as a Health Care Provider.,varchar(6),No,,ORGANISATION CODE (CODE OF PROVIDER),http://www.datadictionary.nhs.uk/data_dictionary/data_field_notes/o/org/organisation_code_(code_of_provider)_de.asp?shownav=1,RK,ZA,
198,NHSE_SEM_Live,tbl_Data_SEM_OPA,Provider_Code_Type,ORGANISATION CODE TYPE is a code to identify the format and basis of the release of an NHS ORGANISATION CODE being used.,varchar(3),No,,ORGANISATION CODE TYPE,http://www.datadictionary.nhs.uk/data_dictionary/data_field_notes/o/org/organisation_code_type_de.asp?shownav=1,RK,ZA,
199,NHSE_SEM_Live,tbl_Data_SEM_OPA,Commissioner_Code,ORGANISATION CODE (CODE OF COMMISSIONER) is the ORGANISATION CODE of the Organisation commissioning health care.,varchar(6),No,,ORGANISATION CODE (CODE OF COMMISSIONER),http://www.datadictionary.nhs.uk/data_dictionary/data_field_notes/o/org/organisation_code_(code_of_commissioner)_de.asp?shownav=1,RK,ZA,
200,NHSE_SEM_Live,tbl_Data_SEM_OPA,Commissioner_Code_Type,ORGANISATION CODE TYPE is a code to identify the format and basis of the release of an NHS ORGANISATION CODE being used.,varchar(3),No,,ORGANISATION CODE TYPE,http://www.datadictionary.nhs.uk/data_dictionary/data_field_notes/o/org/organisation_code_type_de.asp?shownav=1,RK,ZA,
201,NHSE_SEM_Live,tbl_Data_SEM_OPA,Location_Class,LOCATION CLASS is a classification for use within Commissioning Data Set messages of the physical location within which the recorded PATIENT event occurs.,varchar(2),No,,LOCATION CLASS,http://www.datadictionary.nhs.uk/data_dictionary/data_field_notes/l/li/location_class_de.asp?shownav=1,RK,ZA,
202,NHSE_SEM_Live,tbl_Data_SEM_OPA,Site_Code_of_Treatment,"SITE CODE (OF TREATMENT) is the ORGANISATION SITE CODE of the Organisation where the PATIENT was treated, i.e. it should enable the treating Organisation to be identified.",varchar(6),No,,SITE CODE (OF TREATMENT),http://www.datadictionary.nhs.uk/data_dictionary/data_field_notes/s/site/site_code_(of_treatment)_de.asp?shownav=1,RK,ZA,
204,NHSE_SEM_Live,tbl_Data_SEM_OPA,GP_Code,GENERAL MEDICAL PRACTITIONER (SPECIFIED) is the GENERAL MEDICAL PRACTITIONER PPD CODE of the GENERAL MEDICAL PRACTITIONER specified by the PATIENT.,varchar(8),No,,GENERAL MEDICAL PRACTITIONER (SPECIFIED),http://www.datadictionary.nhs.uk/data_dictionary/data_field_notes/g/general_medical_practitioner_(specified)_de.asp?shownav=1,RK,ZA,
205,NHSE_SEM_Live,tbl_Data_SEM_OPA,GP_Practice_Code,GENERAL MEDICAL PRACTICE CODE (PATIENT REGISTRATION) is the ORGANISATION CODE of the GP Practice that the PATIENT is registered with.,varchar(6),No,,GENERAL MEDICAL PRACTICE CODE (PATIENT REGISTRATION),http://www.datadictionary.nhs.uk/data_dictionary/data_field_notes/g/general_medical_practice_code_(patient_registration)_de.asp?shownav=1,RK,ZA,
206,NHSE_SEM_Live,tbl_Data_SEM_OPA,Org_Code_Type_GP,"A code to identify the format and basis of the release of an NHS ORGANISATION CODE, in this case GP PRACTICE, being used.",varchar(3),No,,ORGANISATION CODE TYPE,http://www.datadictionary.nhs.uk/data_dictionary/data_field_notes/o/org/organisation_code_type_de.asp?shownav=1,RK,Isn't this derived?,no
207,NHSE_SEM_Live,tbl_Data_SEM_OPA,Priority_Type,"The priority of a request for SERVICES; in the case of SERVICES to be provided by a CONSULTANT, it is as assessed by or on behalf of the CONSULTANT.",varchar(1),No,,PRIORITY TYPE CODE,http://www.datadictionary.nhs.uk/data_dictionary/attributes/p/prio/priority_type_de.asp?shownav=1,RK,Doesn?t make sense ,direct from DD
208,NHSE_SEM_Live,tbl_Data_SEM_OPA,Service_Type_Requested,The terms of reference for the REFERRAL REQUEST.,varchar(1),No,,SERVICE TYPE REQUESTED,http://www.datadictionary.nhs.uk/data_dictionary/attributes/s/ser/service_type_requested_de.asp?shownav=1,RK,ZA,
209,NHSE_SEM_Live,tbl_Data_SEM_OPA,OPA_Referral_Source,The source of referral of each Consultant Out-Patient Episode.,varchar(2),No,,SOURCE OF REFERRAL FOR OUT-PATIENTS,http://www.datadictionary.nhs.uk/data_dictionary/attributes/s/smo/source_of_referral_for_out-patients_de.asp?shownav=1,RK,SOURCE OF REFFERAL,not caps in dd
210,NHSE_SEM_Live,tbl_Data_SEM_OPA,Referral_Request_Received_Date,The date the REFERRAL REQUEST was received by the Health Care Provider.,datetime,No,,REFERRAL REQUEST RECEIVED DATE,http://www.datadictionary.nhs.uk/data_dictionary/attributes/r/red/referral_request_received_date_de.asp?shownav=1,RK,ZA,
211,NHSE_SEM_Live,tbl_Data_SEM_OPA,Direct_Access_Referral_Ind,An indication of whether a PATIENT was referred to a Direct Access Service.,varchar(1),No,,DIRECT ACCESS REFERRAL INDICATOR,http://www.datadictionary.nhs.uk/data_dictionary/attributes/d/den/direct_access_referral_indicator_de.asp?shownav=1,RK,ZA,
212,NHSE_SEM_Live,tbl_Data_SEM_OPA,Referrer_Code,"REFERRER CODE is the code of the PERSON making the REFERRAL REQUEST. This will normally be a CARE PROFESSIONAL, GENERAL MEDICAL PRACTITIONER or CONSULTANT.",varchar(8),No,,REFERRER CODE,http://www.datadictionary.nhs.uk/data_dictionary/data_field_notes/r/ref/referrer_code_de.asp?shownav=1,RK,ZA,
213,NHSE_SEM_Live,tbl_Data_SEM_OPA,Referring_Org_Code,"REFERRING ORGANISATION CODE is the ORGANISATION CODE of the Organisation from which the referral is made, such as a GP Practice, NHS Trust or NHS Foundation Trust.",varchar(6),No,,REFERRING ORGANISATION CODE,http://www.datadictionary.nhs.uk/data_dictionary/data_field_notes/r/ref/referring_organisation_code_de.asp?shownav=1,RK,Good ,thanks
214,NHSE_SEM_Live,tbl_Data_SEM_OPA,Org_Code_Type_of_Referrer,The ORGANISATION CODE TYPE of the ORGANISATION that referred the patient.,varchar(2),No,,ORGANISATION CODE TYPE,http://www.datadictionary.nhs.uk/data_dictionary/data_field_notes/o/org/organisation_code_type_de.asp?shownav=1,RK,ZA,
215,NHSE_SEM_Live,tbl_Data_SEM_OPA,Last_DNA_Or_Patient_Cancelled_Date,"For the Elective Admission List Commissioning Data Set types, LAST DNA OR PATIENT CANCELLED DATE is derived from OFFERED FOR ADMISSION DATE and ADMISSION OFFER OUTCOME and is needed to meet central requirements. It is recorded when PATIENTS who have been offered a date for admission have missed this admission date with or without advance notice.",datetime,No,,LAST DNA OR PATIENT CANCELLED DATE,http://www.datadictionary.nhs.uk/data_dictionary/data_field_notes/l/last_dna_or_patient_cancelled_date_de.asp?shownav=1,RK,Isn't this derived?,no
216,NHSE_SEM_Live,tbl_Data_SEM_OPA,HRG_Code,"Developed by the National Casemix Office, Healthcare Resource Groups (HRGs) are standard groupings of clinically similar treatments which use common levels of healthcare resource.",varchar(5),Yes,"Please see NHS Digital's documentation for full details:
http://content.digital.nhs.uk/hrg",Healthcare Resource Groups,http://www.datadictionary.nhs.uk/data_dictionary/nhs_business_definitions/h/healthcare_resource_group_de.asp?shownav=1,RK,Not sure about links in the document. Copy and paste,"we thought about this but there is a LOT of information on this website, so wouldn't work too well on the portal. And it would be another source to monitor for updates"
217,NHSE_SEM_Live,tbl_Data_SEM_OPA,HRG_Version_No,The HRG version used for the record.,varchar(3),No,,,,RK,ZA,
218,NHSE_SEM_Live,tbl_Data_SEM_OPA,Procedure_Scheme_In_Use,The type of CODED CLINICAL ENTRY used for the CLINICAL INTERVENTION.,varchar(2),No,,PROCEDURE SCHEME IN USE,http://www.datadictionary.nhs.uk/data_dictionary/attributes/p/prio/procedure_scheme_in_use_de.asp?shownav=1,RK,ZA,
219,NHSE_SEM_Live,tbl_Data_SEM_OPA,Dominant_Grouping_Variable_Procedure,"The National Schedule of Reference Costs, developed by the Department of Health, uses Healthcare Resource Groups (HRGs) as the basis for costing in-patient and day case services. Healthcare Resource Groups (HRGs) are derived from existing CDS data items using an algorithm and a software package developed by the NHS Information Authority (Casemix Programme).
HRG DOMINANT GROUPING VARIABLE-PROCEDURES (DGVP) is a field derived by the HRG Acute Inpatient Grouper. It represents the procedure that the HRG grouping algorithm has identified as having the greatest effect upon the resources consumed by a PATIENT. It is required for the production of the National Schedule of Reference Costs reports.",varchar(4),No,,HRG DOMINANT GROUPING VARIABLE-PROCEDURE,http://www.datadictionary.nhs.uk/version2/data_dictionary/data_field_notes/h/hrg_dominant_grouping_variable_h_procedure_de.asp?shownav=1,RK,Can we tone this down a little?,direct from DD
220,NHSE_SEM_Live,tbl_Data_SEM_OPA,Core_HRG,"The core HRG of the appointment, as determined by the HRG grouper.",varchar(5),No,,,,RK,ZA,
221,NHSE_SEM_Live,tbl_Data_SEM_OPA,Core_HRG_Version_No,The version of the HRG Grouper used.,varchar(3),No,,,,RK,ZA,
222,NHSE_SEM_Live,tbl_Data_SEM_OPA,SUS_HRG,The HRG code of the appointment as derived by NHS Digital prior to importing to the NCDR.,varchar(5),No,,,,RK,What's improting?  Also shouldn?t this be derived? Do we have access to NHSd's field of derivation?,"Typo, changed to 'importing'. Good spot. Also, NHS Digital derivation methodology is maintained by nhs digital. Only record ncdr derivations here to avoid duplication."
223,NHSE_SEM_Live,tbl_Data_SEM_OPA,Unique_Booking_Reference_Number_Converted,The unique booking reference number assigned by the Choose and Book system when a PATIENT accepts an APPOINTMENT DATE OFFERED of an APPOINTMENT OFFER where the offer was made via the Choose and Book system.,varchar(15),No,,UNIQUE BOOKING REFERENCE NUMBER (CONVERTED),http://www.datadictionary.nhs.uk/data_dictionary/attributes/u/unique_booking_reference_number_(converted)_de.asp?shownav=1,RK,ZA,
224,NHSE_SEM_Live,tbl_Data_SEM_OPA,Patient_Pathway_ID,"An identifier, which together with the ORGANISATION CODE / ORGANISATION IDENTIFIER of the issuer, uniquely identifies a PATIENT PATHWAY.",varchar(26),No,,PATIENT PATHWAY IDENTIFIER,http://www.datadictionary.nhs.uk/data_dictionary/attributes/p/pati/patient_pathway_identifier_de.asp?shownav=1,RK,ZA,
225,NHSE_SEM_Live,tbl_Data_SEM_OPA,Org_Code_Patient_Pathway_ID_Issuer,ORGANISATION CODE (PATIENT PATHWAY IDENTIFIER ISSUER) is the ORGANISATION CODE of the Organisation issuing the PATIENT PATHWAY IDENTIFIER.,varchar(6),No,,ORGANISATION CODE (PATIENT PATHWAY IDENTIFIER ISSUER),http://www.datadictionary.nhs.uk/data_dictionary/data_field_notes/o/org/organisation_code_(patient_pathway_identifier_issuer)_de.asp?shownav=1,RK,Shouldn?t this be derived?,no
226,NHSE_SEM_Live,tbl_Data_SEM_OPA,RTT_Period_Status,The status of an ACTIVITY (or anticipated ACTIVITY) for the REFERRAL TO TREATMENT PERIOD decided by the lead CARE PROFESSIONAL.,varchar(2),No,,"REFERRAL TO TREATMENT PERIOD STATUS

",http://www.datadictionary.nhs.uk/data_dictionary/attributes/r/red/referral_to_treatment_period_status_de.asp,RK,ZA,
227,NHSE_SEM_Live,tbl_Data_SEM_OPA,RTT_Period_Start_Date,The start date of a REFERRAL TO TREATMENT PERIOD.,datetime,No,,REFERRAL TO TREATMENT PERIOD START DATE,http://www.datadictionary.nhs.uk/data_dictionary/attributes/r/red/referral_to_treatment_period_start_date_de.asp?shownav=1,RK,ZA,
228,NHSE_SEM_Live,tbl_Data_SEM_OPA,RTT_Period_End_Date,The end date of a REFERRAL TO TREATMENT PERIOD.,datetime,No,,REFERRAL TO TREATMENT PERIOD END DATE,http://www.datadictionary.nhs.uk/data_dictionary/attributes/r/red/referral_to_treatment_period_end_date_de.asp?shownav=1,RK,ZA,
229,NHSE_SEM_Live,tbl_Data_SEM_OPA,Lead_Care_Activity_Indicator,Not currently completed in the NCDR.,varchar(2),No,,,,RK,Why is this in there if that is the case?,"it's a weird one isnt it, but there is a flow in from NHS digital (which is all null) and an empty column in the table so best to include."
230,NHSE_SEM_Live,tbl_Data_SEM_OPA,Age_at_CDS_Activity_Date,AGE AT CDS ACTIVITY DATE is derived as the number of completed years between the PERSON BIRTH DATE of the PATIENT and the CDS ACTIVITY DATE.,bigint,No,,AGE AT CDS ACTIVITY DATE,http://www.datadictionary.nhs.uk/data_dictionary/data_field_notes/a/ag/age_at_cds_activity_date_de.asp?shownav=1?,RK,Shouldn't this be derived?,no
231,NHSE_SEM_Live,tbl_Data_SEM_OPA,Service_Agreement_Change_Date,The date of a change to a SERVICE PROVIDED UNDER AGREEMENT.,datetime,No,,NHS SERVICE AGREEMENT CHANGE DATE,http://www.datadictionary.nhs.uk/data_dictionary/attributes/n/nhs/nhs_service_agreement_change_date_de.asp?shownav=1,RK,ZA,
232,NHSE_SEM_Live,tbl_Data_SEM_OPA,CDS_Activity_Date,"For Commissioning data, every CDS Type has a ""CDS Originating Date"" contained within the Commissioning Data Set data that must be used to populate the CDS ACTIVITY DATE. In this case, it is APPOINTMENT DATE.",datetime,No,,CDS ACTIVITY DATE,http://www.datadictionary.nhs.uk/data_dictionary/data_field_notes/c/cd/cds_activity_date_de.asp?shownav=1,RK,Doesn?t make sense ,direct from DD
233,NHSE_SEM_Live,tbl_Data_SEM_OPA,Earliest_Reasonable_Offered_Date,EARLIEST REASONABLE OFFER DATE is the date of the earliest of the Reasonable Offers made to a PATIENT for an APPOINTMENT or Elective Admission.,datetime,No,,EARLIEST REASONABLE OFFER DATE,http://www.datadictionary.nhs.uk/data_dictionary/data_field_notes/e/earliest_reasonable_offer_date_de.asp?shownav=1,RK,ZA,
234,NHSE_SEM_Live,tbl_Data_SEM_OPA,Location_Type,"The type of LOCATION for an ACTIVITY where: PATIENTS are seen, SERVICES are provided or from which requests for SERVICES are sent.",varchar(2),No,,ACTIVITY LOCATION TYPE CODE,http://www.datadictionary.nhs.uk/data_dictionary/data_field_notes/a/act/activity_location_type_code_de.asp?,RK,ZA,
235,NHSE_SEM_Live,tbl_Data_SEM_OPA,XML_Version,reflects the version number of the CDS XML Schema in use. Message version numbers are updated as required during the on-going message development processes.,varchar(6),No,,CDS MESSAGE VERSION NUMBER,http://www.datadictionary.nhs.uk/data_dictionary/data_field_notes/c/cd/cds_message_version_number_de.asp?shownav=1,RK,ZA,
236,NHSE_SEM_Live,tbl_Data_SEM_OPA,Confidentiality_Category_SUS,"Indicates how confidential a record is, can be null (not marked as confidential), '2' (Extremely sensitive - all personal confidential data items will be null), '3' (Sensitive - if personal confidential data is supplied by provider it is pseudonymised by NHS Digital) or '4' (Other sensitive - all personal confidential data will be set to null by NHS Digital).  Derived by NHS Digital prior to import to the NCDR.",varchar(2),No,,,,RK,ZA,
237,NHSE_SEM_Live,tbl_Data_SEM_OPA,RTT_Length_SUS,The Referral to Treatment length as derived by NHS Digital prior to importing to the NCDR.,bigint,No,,,,RK,ZA,
239,NHSE_SEM_Live,tbl_Data_SEM_OPA,Area_Code_SUS,Area code of the postcode of place of usual residence of the patient.  Derived by NHS Digital prior to importing to the NCDR.,varchar(5),No,,,,RK,Do we have access to NHS Digital derivation methodlogy?,"it is online, not included to avoid duplication/maintenance issues"
240,NHSE_SEM_Live,tbl_Data_SEM_OPA,Attender_Type_SUS,Indicates if the patient is an inpatient ('1') or an outpatient ('2').  In this table will always display '2'.,varchar(2),No,,,,RK,Doesn?t make sense ,"This field is in both APC and OPA and distinguished between the two. As this is OP table, will always say outpatients. Understand now? I agree it is a weird field to include in a outpatients only table"
241,NHSE_SEM_Live,tbl_Data_SEM_OPA,CDS_Group,"Derived prior to import to the NCDR. '1' means Admitted Patient Care, '2' means Elective Admission List, '3' means Attendance and '4' means A&E.  This table will always show only '3'.",varchar(1),No,,,,RK,Do we have access to NHS Digital derivation methodlogy?,"it is online, not included to avoid duplication/maintenance issues"
242,NHSE_SEM_Live,tbl_Data_SEM_OPA,Finished_Indicator,Indicates if the Appointment has been finished or not. Derived by SUS prior to importing to the NCDR. '1' means finished and null means unfinished.,varchar(1),No,,,,RK,ZA,
243,NHSE_SEM_Live,tbl_Data_SEM_OPA,PCT_Derived_from_GP_SUS,Primary Care Trust in which the GP Practice is based. Derived by NHS Digital prior to import to the NCDR.,varchar(6),No,,Primary Care Trust,http://www.datadictionary.nhs.uk/data_dictionary/nhs_business_definitions/p/primary_care_trust_de.asp?shownav=1,RK,ZA,
244,NHSE_SEM_Live,tbl_Data_SEM_OPA,PCT_Type_Derived_from_GP_SUS,"The PRIMARY CARE TRUST is responsible for a population which comprises: those persons registered with GPs whose practices are within the PRIMARY CARE TRUST, irrespective of whether they reside within the boundary of the PRIMARY CARE TRUST, plus those persons who are not registered with any GP but who reside in the PRIMARY CARE TRUST's geographic area.",varchar(2),No,,ORGANISATION CODE (RESPONSIBLE PCT),http://www.datadictionary.nhs.uk/version2/data_dictionary/data_field_notes/o/org/organisation_code__o_responsible_pct_c__de.asp?shownav=1,RK,ZA,
245,NHSE_SEM_Live,tbl_Data_SEM_OPA,GP_Practice_SUS,GENERAL MEDICAL PRACTICE CODE (PATIENT REGISTRATION) is the ORGANISATION CODE of the GP Practice that the PATIENT is registered with derived by NHS Digital prior to import to the NCDR.,varchar(8),No,,GENERAL MEDICAL PRACTICE CODE (PATIENT REGISTRATION),http://www.datadictionary.nhs.uk/data_dictionary/data_field_notes/g/general_medical_practice_code_(patient_registration)_de.asp?shownav=1,RK,ZA,
246,NHSE_SEM_Live,tbl_Data_SEM_OPA,PCT_Derived_from_SUS_GP_Practice,"The PRIMARY CARE TRUST is responsible for a population which comprises: those persons registered with GPs whose practices are within the PRIMARY CARE TRUST, irrespective of whether they reside within the boundary of the PRIMARY CARE TRUST, plus those persons who are not registered with any GP but who reside in the PRIMARY CARE TRUST's geographic area.",varchar(6),No,,ORGANISATION CODE (RESPONSIBLE PCT),http://www.datadictionary.nhs.uk/version2/data_dictionary/data_field_notes/o/org/organisation_code__o_responsible_pct_c__de.asp?shownav=1,RK,ZA,
247,NHSE_SEM_Live,tbl_Data_SEM_OPA,SHA_from_GP_Practice_SUS,"The Strategic Health Authority in which the GENERAL MEDICAL PRACTICE CODE (PATIENT REGISTRATION) is based.
All Strategic Health Authorities closed 31 March 2013
Strategic Health Authority's responsibilities have been taken over by other Organisations.
A Strategic Health Authority is an NHS ORGANISATION established to lead the strategic development of the local health service and manage Primary Care Trusts (PCTs) and NHS Trusts on the basis of local accountability agreements.
Derived by BHS Digital prior to import to the NCDR.",varchar(3),No,,Strategic Health Authority,http://www.datadictionary.nhs.uk/data_dictionary/nhs_business_definitions/s/strategic_health_authority_de.asp?shownav=1,RK,Abbreivate Primary Care Trust  -- it is abbreivated down below ,added in acronym
248,NHSE_SEM_Live,tbl_Data_SEM_OPA,SHA_Type_from_GP_Practice_SUS,"Defines the coding schema used for strategic health authority. 'P' means PDS, 'S' means 'SUS'.",varchar(2),No,,,,RK,ZA,
249,NHSE_SEM_Live,tbl_Data_SEM_OPA,Month_of_Birth_SUS,"The month that the PATIENT was born in, e.g. if the PATIENT was born in March, Month_of_Birth would be '3'.",varchar(2),No,,,,RK,ZA,
250,NHSE_SEM_Live,tbl_Data_SEM_OPA,Electoral_Ward_from_Postcode_SUS,The Electoral Ward of the ADDRESS nominated by the PATIENT with ADDRESS ASSOCIATION TYPE 'Main Permanent Residence' or 'Other Permanent Residence'. Derived by NHS Digital prior to import to the NCDR.,varchar(6),No,,ELECTORAL WARD OF USUAL ADDRESS,http://www.datadictionary.nhs.uk/version2/data_dictionary/data_field_notes/e/electoral_ward_of_usual_address_de.asp?shownav=1,RK,ZA,
251,NHSE_SEM_Live,tbl_Data_SEM_OPA,PCT_from_Postcode_SUS,"the ORGANISATION CODE derived from the PATIENT's POSTCODE OF USUAL ADDRESS, where they reside within the boundary of a PRIMARY CARE TRUST.",varchar(3),No,,ORGANISATION CODE (RESIDENCE RESPONSIBILITY),http://www.datadictionary.nhs.uk/data_dictionary/data_field_notes/o/org/organisation_code_(residence_responsibility)_de.asp?shownav=1,RK,ZA,
252,NHSE_SEM_Live,tbl_Data_SEM_OPA,PCT_Type_from_Postcode_SUS,The type of PCT derived from the postcode of the patient. Derived by NHS Digital prior to import to the NCDR.,varchar(2),No,,,,RK,ZA,
253,NHSE_SEM_Live,tbl_Data_SEM_OPA,SHA_from_Postcode_SUS,"The ORGANISATION CODE derived from the PATIENT's POSTCODE OF USUAL ADDRESS, where they reside within the boundary of a Strategic Health Authority (SHA).
All Strategic Health Authorities closed 31 March 2013
Strategic Health Authority's responsibilities have been taken over by other Organisations.
A Strategic Health Authority is an NHS ORGANISATION established to lead the strategic development of the local health service and manage Primary Care Trusts and NHS Trusts on the basis of local accountability agreements.
Derived by NHS Digital prior to import to the NCDR.",varchar(3),No,,Strategic Health Authority,http://www.datadictionary.nhs.uk/data_dictionary/nhs_business_definitions/s/strategic_health_authority_de.asp?shownav=1,RK,ZA,
254,NHSE_SEM_Live,tbl_Data_SEM_OPA,SHA_Type_from_Postcode_SUS,"Defines the coding schema used for strategic health authority. 'P' means PDS, 'S' means 'SUS'.",varchar(2),No,,,,RK,ZA,
255,NHSE_SEM_Live,tbl_Data_SEM_OPA,Area_code_from_Provider_Postcode_SUS,Area code of the postcode of the provider.  Derived by NHS Digital prior to importing to the NCDR.,varchar(6),No,,,,RK,ZA,
258,NHSE_SEM_Live,tbl_Data_SEM_OPA,Year_of_Birth_SUS,"The year in which the patient was born, as derived by NHS Digital prior to import to the NCDR.",varchar(4),No,,,,RK,ZA,
259,NHSE_SEM_Live,tbl_Data_SEM_OPA,Census_Area_2001_SUS,"The 2001 census output areas, built from unit postcodes and constrained to the 2003 statistical wards, which will form the building blocks for defining higher level geographies in the future. A pseudo code is included for the Channel Islands and the Isle of Man.  Derived by NHS Digital prior to import to the NCDR.",varchar(10),No,,,,RK,ZA,
260,NHSE_SEM_Live,tbl_Data_SEM_OPA,Country,A unique code representing a COUNTRY.,varchar(50),No,,COUNTRY CODE,http://www.datadictionary.nhs.uk/data_dictionary/attributes/c/cou/country_code_de.asp?shownav=1,RK,ZA,
261,NHSE_SEM_Live,tbl_Data_SEM_OPA,County_Code,A County is a GEOGRAPHIC AREA.,varchar(2),Yes,Joins to the ODS postcode reference table on Patient Postcode and takes the county code.,County,http://www.datadictionary.nhs.uk/data_dictionary/nhs_business_definitions/c/county_de.asp?shownav=1?,RK,ZA,
262,NHSE_SEM_Live,tbl_Data_SEM_OPA,Census_ED_1991,The code for the 1991 Census Enumeration District (ED).,varchar(8),No,,Enumeration District,http://www.datadictionary.nhs.uk/data_dictionary/nhs_business_definitions/e/enumeration_district_de.asp?shownav=1,RK,ZA,
263,NHSE_SEM_Live,tbl_Data_SEM_OPA,ED_District_Code,An Electoral Division is a GEOGRAPHIC AREA frequently referred to as Wards.,varchar(6),No,,Electoral Division,http://www.datadictionary.nhs.uk/data_dictionary/nhs_business_definitions/e/electoral_division_de.asp?shownav=1,RK,ZA,
264,NHSE_SEM_Live,tbl_Data_SEM_OPA,Electoral_Ward_Code,The Electoral Ward is derived from the GEOGRAPHIC AREA CODE of GEOGRAPHIC AREA where GEOGRAPHIC AREA TYPE is 'Electoral Ward'. ADDRESS IN GEOGRAPHIC AREA provides the relationship between ADDRESS and GEOGRAPHIC AREA.,varchar(6),No,,ELECTORAL WARD OF USUAL ADDRESS,http://www.datadictionary.nhs.uk/version2/data_dictionary/data_field_notes/e/electoral_ward_of_usual_address_de.asp?shownav=1,RK,ZA,
265,NHSE_SEM_Live,tbl_Data_SEM_OPA,GOR_Code,"Government offices for the Regions (GOR) were built up of complete unitary authorities.  Have now been closed, as of 31st March 2011.",varchar(1),No,,,,RK,Irrelevant ,I think it is useful to say what GOR stands for and what they are
266,NHSE_SEM_Live,tbl_Data_SEM_OPA,Local_Unitary_Authority,"A Unitary Authority (UA) is a GEOGRAPHIC AREA.
For further information on Unitary Authorities, see the Office for National Statistics (ONS) website at https://www.ons.gov.uk/census/2001censusandearlier/glossary/ou.",varchar(2),No,,UNITARY AUTHORITY,http://www.datadictionary.nhs.uk/data_dictionary/nhs_business_definitions/u/unitary_authority_de.asp?shownav=1,RK,Abbreviate ONS,done
267,NHSE_SEM_Live,tbl_Data_SEM_OPA,Old_SHA_Code,"All Strategic Health Authorities closed 31 March 2013.
Strategic Health Authority's responsibilities have been taken over by other Organisations.
A Strategic Health Authority is an NHS ORGANISATION established to lead the strategic development of the local health service and manage Primary Care Trusts (PCTs) and NHS Trusts on the basis of local accountability agreements.",varchar(3),No,,Strategic Health Authority,http://www.datadictionary.nhs.uk/data_dictionary/nhs_business_definitions/s/strategic_health_authority_de.asp?shownav=1,RK,Do we need the length description?,direct from DD
268,NHSE_SEM_Live,tbl_Data_SEM_OPA,Electoral_Area_1998,An Electoral Area is a GEOGRAPHIC AREA.,varchar(6),No,,,,RK,ZA,
269,NHSE_SEM_Live,tbl_Data_SEM_OPA,Der_Provider_Code,"'Cleaned' provider code derived from the provider supplied value, formatted as 3 digits for NHS providers and 5 digits for IS / AWP providers i.e. 'RJE00' provider supplied value becomes 'RJE' - trailing '00' values removed.",varchar(5),Yes,"In most cases, shortens the Provider Code to 3 digits (excluding site code).  Where Provider Code starts with ?N? or ?8?, the 5 character code is retained. If a provider submits provider codes such as RJE00, RJE01, RJE02 etc. in the Provider_Code field,  this field will store the value as RJE.",,,RK,Why is Cleansed' ?,"good spot. Excel formatting thing, if you start a cell with ' then it formats the cell as text and doesn?t display the '"
270,NHSE_SEM_Live,tbl_Data_SEM_OPA,Der_Provider_Site_Code,"'Cleansed' provider site code derived from the provider supplied value/s, formatted to 5 digits for NHS / IS / AWP providers. Padded to 5 digits with '0' values for NHS providers where site cannot be derived (reference data also contains these unknown 'default' site values).",varchar(5),Yes,"Where the first 3 characters of Site_Code_of_Treatment and Provider_Code are the same, Site_Code_of_Treatment is used.  If Provider_Code is 5 characters long, then this is used, and if Provider_Code is shorter than 5 characters, this is padded with zeros to make the field 5 characters long.",,,RK,IWhy is Cleansed' s? Also is Padded really the right word to use?,usual term used by data folk
271,NHSE_SEM_Live,tbl_Data_SEM_OPA,Der_Commissioner_Code,"'Cleansed' commissioner code derived from the provider supplied value, formatted as 3 except where provider supplied value begins with 'Y' (old SCG codes), when the first 5 characters are retained.",varchar(5),Yes,"When Commissioner_Code starts with 'Y' then the  first 5 characters of Commissioner_Code are taken, otherwise the first three characters are taken.",,,RK,Missing inverted comma. Why is there elipses at the end?,good spot
272,NHSE_SEM_Live,tbl_Data_SEM_OPA,Der_Age_At_CDS_Activity_Date,Derived age using the Date_of_Birth and Appointment_Date fields.,bigint,Yes,Derived using the patient's date of birth and Appointment_Date.,,,RK,Don?t you mean derived?,changed
273,NHSE_SEM_Live,tbl_Data_SEM_OPA,Der_Activity_Month,Derived activity month value based on Appointment_Date field in the format YYYYMM.,varchar(6),Yes,Takes the year and month values from the Appointment_Date.,,,RK,ZA,
274,NHSE_SEM_Live,tbl_Data_SEM_OPA,Der_Financial_Year,Derived financial year value based on Appointment_Date field in the format YYYY/YY.,varchar(7),Yes,The financial year that the Appointment_Date occurred in.,,,RK,Does this need a forward slash?,"as in NCDR, e.g. 2015/16"
275,NHSE_SEM_Live,tbl_Data_SEM_OPA,Der_Number_Diagnosis,Count of the number of '***_Diagnosis_Code_[01-24] fields populated (i.e. not NULL) within the record.,bigint,Yes,Count of the total number of completed diagnosis fields for the appointment (Primary_Diagnosis_Code and Secondary_Diagnosis_Code_[1-23]).,,,RK,ZA,
276,NHSE_SEM_Live,tbl_Data_SEM_OPA,Der_Number_Procedure,Count of the number of '***_Procedure_Code_[01-24] fields populated (i.e. not NULL) within the record.,bigint,Yes,Count of the total number of completed procedure fields for the appointment (Primary_Procedure_Code and Procedure_Code_[2-24]).,,,RK,ZA,
277,NHSE_SEM_Live,tbl_Data_SEM_OPA,Der_Diagnosis_All,A list of all the diagnosis codes for the attendance.,varchar(200),Yes,Concatenates all completed diagnosis codes (Primary_Diagnosis_Code and Secondary_Diagnosis_Code_[1-23]).,,,RK,Is it going into too much detail to put  Excel detal? Concatenate meaning confusion,data users should understand meaning
278,NHSE_SEM_Live,tbl_Data_SEM_OPA,Der_Procedure_All,A list of all the procedure codes contained in the attendance.,varchar(200),Yes,Concatenates all completed procedure codes (Der_Primary_Procedure_Code and Der_Procedure_Code_[2-24]).,,,RK,Is it going into too much detail to put  Excel detal? Concatenate meaning confusion,data users should understand meaning
279,NHSE_SEM_Live,tbl_Data_SEM_OPA,Der_Staff_Type,Differentiates between consultant and non-consultant led attendances.,varchar(25),Yes,"When Main_Specialty_Code is one of '560', '900', '901', '902', '903', '904', '950' or '960' or is left null then set as 'Non-cons', in all other cases, set as 'Cons'.",,,RK,Is it going into too much detail to put  Excel detal? Concatenate meaning confusion,data users should understand meaning
280,NHSE_SEM_Live,tbl_Data_SEM_OPA,Der_Appointment_Type,Differentiates between first and follow up attendances.,varchar(25),Yes,"Derived from First_Attendance; where First_Attendance is '1' (First attendance face to face) or '3' (First telephone or telemedicine consultation) then 'New' is assigned.  When First_Attendance is '2' (Follow-up attendance face to face) or '4' (Follow-up telephone or telemedicine consultation) then 'FUp' is assigned, else it is set as 'N/A'.",,,RK,ZA,
281,NHSE_SEM_Live,tbl_Data_SEM_OPA,Der_Contact_Type,Differentiates between face to face and non face to face attendances.,varchar(25),Yes,"Where FIRST ATTENDANCE is '1' (First attendance face to face) or '2' (Follow-up attendance face to face) then 'F2F' is assigned, where it is '3' (First telephone or telemedicine consultation) or '4' (Follow-up telephone or telemedicine consultation) it is 'NF2F'.  Anything else is given 'N/A'.",,,RK,ZA,
282,NHSE_SEM_Live,tbl_Data_SEM_OPA,Der_Professional_Type,Differentiates between single and multi professional attendances.,varchar(10),Yes,"If any procedure code for the appointment contains 'X622' or 'X623' then it is assigned 'Multi', if not, it is assigned 'Single'.",,,RK,ZA,
283,NHSE_SEM_Live,tbl_Data_SEM_OPA,Der_Attendance_Type,"Differentiates between attended, non attended and cancellations.",varchar(12),Yes,"When First_Attendance is '5' (Referral To Treatment Clock Stop Administrative Event), this takes priority and Der_Attendance_Type is 'Admin Event'.  Where this is not the case ATTENDED OR DID NOT ATTEND is used. '5' (Attended on time or, if late, before the relevant CARE PROFESSIONAL was ready to see the PATIENT) and '6' (Arrived late, after the relevant CARE PROFESSIONAL was ready to see the PATIENT, but was seen) map to 'Attend', '4' (APPOINTMENT cancelled or postponed by the Health Care Provider) maps to 'Cancel (Hos)', '2' (APPOINTMENT cancelled by, or on behalf of, the PATIENT) maps to 'Cancel (Pat)' and '7' (PATIENT arrived late and could not be seen) and '3' (Did not attend - no advance warning given) map to 'DNA'. '0' (Not applicable - APPOINTMENT occurs in the future) and any invalid values in the ATTENDED OR DID NOT ATTEND column are given 'Unk' (Unknown) in this column.",,,RK,ZA,
284,NHSE_SEM_Live,tbl_Data_SEM_OPA,Der_Postcode_CCG_Code,Derived current CCG code based upon the Patient_Postcode field.,varchar(3),Yes,"The code of the CCG where the patient's POSTCODE OF USUAL ADDRESS is based, unless the given postcode is 'ZZ99 3VZ' (no fixed abode), 'ZZ99 3WZ' (address not known) or 'ZZ99 3CZ' (England UK - not specified), in which case null is given.",,,RK,ZA,
285,NHSE_SEM_Live,tbl_Data_SEM_OPA,Der_Postcode_PCT_Code,Derived historic Primary Care Trust (PCT) code based upon the Patient_Postcode field.,varchar(3),Yes,"The code of the Primary Care Trust (PCT) where the patient's POSTCODE OF USUAL ADDRESS is based, derived by linking on postcode to a postcode geographies table.  Uses the list of PCT geographies as of closure date (31st March 2013).",,,RK,"Shouldn?t this be in the description -- or in fact, in it at all?",I think it should be left in yeah. Sorry!
286,NHSE_SEM_Live,tbl_Data_SEM_OPA,Der_Postcode_Sector,Derived postcode sector based upon the Patient_Postcode field.,varchar(6),Yes,"The Postcode Sector of the patient's POSTCODE OF USUAL ADDRESS, derived by linking on postcode to a postcode geographies table.",,,RK,ZA,
287,NHSE_SEM_Live,tbl_Data_SEM_OPA,Der_Postcode_Grid_Easting,Derived grid eastings (100M) value based upon the Patient_Postcode field.,varchar(4),Yes,"The Easting Grid Reference where the patient's POSTCODE OF USUAL ADDRESS is based, derived by linking on postcode to a postcode geographies table.  Accurate to 100m when combined with Der_Postcode_Grid_Northing.",,,RK,ZA,
288,NHSE_SEM_Live,tbl_Data_SEM_OPA,Der_Postcode_Grid_Northing,Derived grid northing (100M) value based upon the Patient_Postcode field.,varchar(5),Yes,"The Northing Grid Reference where the patient's POSTCODE OF USUAL ADDRESS is based, derived by linking on postcode to a postcode geographies table.  Accurate to 100m when combined with Der_Postcode_Grid_Easting.",,,RK,ZA,
289,NHSE_SEM_Live,tbl_Data_SEM_OPA,Der_Postcode_Local_Auth,Derived local authority code based upon the Patient_Postcode field.,varchar(3),Yes,"The code of the Local Authority where the patient's POSTCODE OF USUAL ADDRESS is based, derived by linking on postcode to a postcode geographies table.",,,RK,ZA,
290,NHSE_SEM_Live,tbl_Data_SEM_OPA,Der_Postcode_Dist_Unitary_Auth,Derived district unitary authority code based upon the Patient_Postcode field.,varchar(9),Yes,"The code of the District Unitary Authority where the patient's POSTCODE OF USUAL ADDRESS is based, derived by linking on postcode to a postcode geographies table.",,,RK,ZA,
291,NHSE_SEM_Live,tbl_Data_SEM_OPA,Der_Postcode_Electoral_Ward,Derived electoral ward code based upon the Patient_Postcode field.,varchar(9),Yes,"The code of the Electoral Ward where the patient's POSTCODE OF USUAL ADDRESS is based, derived by linking on postcode to a postcode geographies table.",,,RK,ZA,
292,NHSE_SEM_Live,tbl_Data_SEM_OPA,Der_Postcode_LSOA_Code,Derived LSOA code based upon the Patient_Postcode field.,varchar(9),Yes,"The code of the Lower Layer Super Output Area (LSOA) where the patient's POSTCODE OF USUAL ADDRESS is based, derived by linking on postcode to a postcode geographies table.  Uses the list of LSOAs as of the 2001 census.",,,RK,ZA,
293,NHSE_SEM_Live,tbl_Data_SEM_OPA,Der_Postcode_MSOA_Code,Derived MSOA (Middle Super Output Area) code based upon the Patient_Postcode field. Full list of MSOAs taken from NHS Digital's Organisation Data Service (ODS).,varchar(9),Yes,"The code of the Middle Layer Super Output Area (MSOA) where the patient's POSTCODE OF USUAL ADDRESS is based, derived by linking on postcode to a postcode geographies table.  Uses the list of MSOAs as of the 2001 census.",,,RK,"is "" Full list of MSOAs taken from ODS"" relevant?",useful to know source
294,NHSE_SEM_Live,tbl_Data_SEM_OPA,Der_Postcode_Constituency_Code,Derived constituency code based upon the Patient_Postcode field.,varchar(9),Yes,"The code of the constituency where the patient's POSTCODE OF USUAL ADDRESS is based, derived by linking on postcode to a postcode geographies table.",,,RK,ZA,
295,NHSE_SEM_Live,tbl_Data_SEM_OPA,Der_Pseudo_NHS_Number,Pseudonymised NHS Number value (12 digit numeric). Consistently applied within all 4 core datasets for cross linkage purposes.,bigint,Yes,Derived by Pseudonymising NHS number by applying Pseudonymisation algorithm.,,,RK,ZA,
296,NHSE_SEM_Live,tbl_Data_SEM_OPA,Der_Postcode_LSOA_2011_Code,2011 LSOA (Lower Layer Super Output Area) code derived from patient postcode. Full list of LSOAs taken from NHS Digital's Organisation Data Service (ODS).,varchar(9),Yes,"The code of the Lower Layer Super Output Area (LSOA) where the patient's POSTCODE OF USUAL ADDRESS is based, derived by linking on postcode to a postcode geographies table.  Uses the list of LSOAs as of the 2011 census.",,,RK,"Should it not be ""Full list of LSOAs taken from UKHD.""?","codes taken from ukhd which takes them from ods, so ods is original source. Just say ods for simplicity :)"
297,NHSE_SEM_Live,tbl_Data_SEM_OPA,Der_Postcode_MSOA_2011_Code,2011 MSOA (Middle Layer Super Output Area) code derived from patient postcode. Full list of MSOAs taken from NHS Digital's Organisation Data Service (ODS).,varchar(9),Yes,"The code of the Middle Layer Super Output Area (MSOA) where the patient's POSTCODE OF USUAL ADDRESS is based, derived by linking on postcode to a postcode geographies table.  Uses the list of MSOAs as of the 2011 census.",,,RK,"Should it not be ""Full list of LSOAs taken from UKHD.""?","codes taken from ukhd which takes them from ods, so ods is original source. Just say ods for simplicity :)"
298,NHSE_SEM_Live,tbl_Data_SEM_OPA,Der_Staff_Type_DD,Differentiates between consultant and non-consultant led attendances following NHS Data Dictionary logic.,varchar(25),Yes,"When Main_Specialty_Code is one of '560', '950' or '960' then set as 'Non-cons' (non-consultant), in all other cases, including nulls, set as 'Cons' (consultant).",,,RK,Difference between the old definitions and the new. The one in the SUS has more information. ,"old one included some derivation stuff, moved that to derivation methodology section so nothing lost"
299,NHSE_SEM_Live,tbl_Data_SEM_OPA,Der_Practice_Provider_Distance (Miles),"The distance, in miles, between the postcode of the GP Practice of registration and the postcode of the Provider Site at which the healtcare activity took place.",float,Yes,"Takes the northings and eastings from the centre point of the postcode of GP Practice of registration and the postcode of the Provider Site where the healthcare activity took place (where provider site is not available, uses main site) and uses MS SQL functions to calculate the distance, ""as the crow flies"". Inputs the UK projection of 27700 to ensure accurate results (a map projection is a systematic transformation of the latitudes and longitudes of locations from the surface of a sphere or an ellipsoid into locations on a plane).",,,RK,Merge the two between the older one and the new one ,information held in old description but not new description is in the derivation methodology instead
300,NHSE_SEM_Live,tbl_Data_SEM_OPA,Der_Provider_Patient_Distance (Miles),"The distance, in miles, between the postcode of the patient's place of usual residence and the postcode of the Provider Site at which the healtcare activity took place.",float,Yes,"Takes the northings and eastings from the centre point of the postcode of the patient's usual place of residence and the postcode of the Provider Site where the healthcare activity took place (where provider site is not available, uses main site) and uses MS SQL functions to calculate the distance, ""as the crow flies"".  Inputs the UK projection of 27700 to ensure accurate results (a map projection is a systematic transformation of the latitudes and longitudes of locations from the surface of a sphere or an ellipsoid into locations on a plane).",,,RK,Merge the two between the older one and the new one ,information held in old description but not new description is in the derivation methodology instead
301,NHSE_SEM_Live,tbl_Data_SEM_OPA,Der_Practice_Patient_Distance (Miles),"The distance, in miles, between the postcode of the patient's place of usual residence and the postcode of the GP Practice of registration.",float,Yes,"Takes the northings and eastings from the centre point of the postcode of the patient's usual place of residence and the postcode of the GP Practice of registration and uses MS SQL functions to calculate the distance, ""as the crow flies"". Inputs the UK projection of 27700 to ensure accurate results (a map projection is a systematic transformation of the latitudes and longitudes of locations from the surface of a sphere or an ellipsoid into locations on a plane).",,,RK,Merge the two between the older one and the new one ,information held in old description but not new description is in the derivation methodology instead
