Database,Schema,Table/View,Table or View,Description,Date_Range,Data Start,Data End,Link,Author,Created_Date,Last_Update_By,Last_Update_Date,Release schedule,Provisional Schedule,Updated Frequency,Only Historic
NHSE_111,,,N/A,The 111 data from NECS RAIDR. This database has a restricted access and is only available to specific individuals,Apr 2015 - Ongoing,Apr 2015, Ongoing,,Nathan Abbotts,11/7/17,,,N/A,N/A,N/A,N/A
NHSE_111,dbo,111_Provider_Data,Table,"The latest 111 data available. The tables with dates at the end of them are previous sets of data, for comparison purposes.",Apr 2015 - Ongoing,Apr 2015, Ongoing,,Nathan Abbotts,11/7/17,,,Ad-Hoc,Ad-Hoc,Ad-Hoc,
NHSE_111,dbo,111_Provider_Data_2017_04_20,Table,"A previous set of 111 data, retained for comparison purposes.",Apr 2015 - Mar 2017,Apr 2015, Mar 2017,,Nathan Abbotts,11/7/17,,,None-Historic,Final,None-Historic,Yes
NHSE_111,dbo,111_Provider_Data_2017_05_05,Table,"A previous set of 111 data, retained for comparison purposes.",Apr 2015 - Mar 2017,Apr 2015, Mar 2017,,Nathan Abbotts,11/7/17,,,None-Historic,Final,None-Historic,Yes
NHSE_111,dbo,111_Provider_Data_2017_05_25,Table,"A previous set of 111 data, retained for comparison purposes.",Apr 2015 - Mar 2017,Apr 2015, Mar 2017,,Nathan Abbotts,11/7/17,,,None-Historic,Final,None-Historic,Yes
NHSE_111,dbo,111_Provider_Data_2017_07_11,Table,"A previous set of 111 data, retained for comparison purposes.",Apr 2015 - May 2017,Apr 2015, May 2017,,Nathan Abbotts,11/7/17,,,None-Historic,Final,None-Historic,Yes
NHSE_111,dbo,111_Provider_Data_2017_09_14,Table,"A previous set of 111 data, retained for comparison purposes.",Apr 2015 - Jun 2017,Apr 2015, Jun 2017,,Nathan Abbotts,11/7/17,,,None-Historic,Final,None-Historic,Yes
NHSE_111,dbo,111_Provider_Data_2017_10_10,Table,"A previous set of 111 data, retained for comparison purposes.",Apr 2015 - Aug 2017,Apr 2015, Aug 2017,,Nathan Abbotts,11/7/17,,,None-Historic,Final,None-Historic,Yes
NHSE_111,dbo,111_Provider_Data_2017_10_27,Table,"A previous set of 111 data, retained for comparison purposes.",Apr 2015 - Aug 2017,Apr 2015, Aug 2017,,Nathan Abbotts,11/7/17,,,None-Historic,Final,None-Historic,Yes
NHSE_111,dbo,111_Provider_Data_2017_11_08,Table,"A previous set of 111 data, retained for comparison purposes.",Apr 2015 - Sep 2017,Apr 2015,Sep 2017,,Nathan Abbotts,12/5/17,,,None-Historic,Final,None-Historic,Yes
NHSE_IAPT,,,N/A,The (adult) Improving Access to Psychological Therapies (IAPT) data.,Apr 2013- Ongoing,Apr 2013, Ongoing,http://content.digital.nhs.uk/iapt,Nathan Abbotts,11/7/17,,,N/A,N/A,N/A,N/A
NHSE_IAPT,internal,,N/A,The default schema for the meta data in the database.,N/A,N/A,N/A,,Nathan Abbotts,11/7/17,,,N/A,N/A,N/A,N/A
NHSE_IAPT,dbo,Appointment_v15,Table,An appointment is an interaction with a patient by a health care professional with the objective of making a contribution to the health care of the patient. This table holds details of each appointment. A patient may have multiple appointments which require recording.,Apr 2015 - Ongoing,Apr 2015, Ongoing,http://content.digital.nhs.uk/iapt,Nathan Abbotts,11/7/17,,,Monthly,Monthly,Monthly,No
NHSE_IAPT,dbo,Assessments_v15,Table,This table should contain details of each IAPT Assessment Patient Experience Questionnaire administered for a patient by a healthcare professional.,Apr 2015 - Ongoing,Apr 2015, Ongoing,http://content.digital.nhs.uk/iapt,Nathan Abbotts,11/7/17,,,Monthly,Monthly,Monthly,No
NHSE_IAPT,dbo,Disability_v15,Table,"This table holds details of patient disability. A patient may have multiple disabilities, or they may have none. Co-morbid physical or mental health disability should be collected early in the care pathway, some even prior to initial assessment where this data is available from the referrer. Any disabilities which are present should be recorded within this table.",Apr 2015 - Ongoing,Apr 2015, Ongoing,http://content.digital.nhs.uk/iapt,Nathan Abbotts,11/7/17,,,Monthly,Monthly,Monthly,No
NHSE_IAPT,dbo,Header_v15,Table,Contains the metadata relating to the submission file.,Apr 2015 - Ongoing,Apr 2015, Ongoing,http://content.digital.nhs.uk/iapt,Nathan Abbotts,11/7/17,,,Monthly,Monthly,Monthly,No
NHSE_IAPT,dbo,IAPT_Appointment,Table,An appointment is an interaction with a patient by a health care professional with the objective of making a contribution to the health care of the patient. This table holds details of each appointment. A patient may have multiple appointments which require recording.,Apr 2013 - Mar 2015,Apr 2013, Mar 2015,http://content.digital.nhs.uk/iapt,Nathan Abbotts,11/7/17,,,None-Historic,Final,None-Historic,Yes
NHSE_IAPT,dbo,IAPT_Assessments,Table,This table should contain details of each IAPT Assessment Patient Experience Questionnaire administered for a patient by a healthcare professional.,Apr 2013 - Mar 2015,Apr 2013, Mar 2015,http://content.digital.nhs.uk/iapt,Nathan Abbotts,11/7/17,,,None-Historic,Final,None-Historic,Yes
NHSE_IAPT,dbo,IAPT_Disability,Table,"This table holds details of patient disability. A patient may have multiple disabilities, or they may have none. Co-morbid physical or mental health disability should be collected early in the care pathway, some even prior to initial assessment where this data is available from the referrer. Any disabilities which are present should be recorded within this table.",Apr 2013 - Mar 2015,Apr 2013, Mar 2015,http://content.digital.nhs.uk/iapt,Nathan Abbotts,11/7/17,,,None-Historic,Final,None-Historic,Yes
NHSE_IAPT,dbo,IAPT_Header,Table,Contains the metadata relating to the submission file.,Apr 2013 - Mar 2015,Apr 2013, Mar 2015,http://content.digital.nhs.uk/iapt,Nathan Abbotts,11/7/17,,,None-Historic,Final,None-Historic,Yes
NHSE_IAPT,dbo,IAPT_Person,Table,"This table will contain personal demographic data that relates to individual patient differences such as age, faith, gender, ethnicity, employment status, and sexuality.
The patient is someone in receipt of services for depression or anxiety. Patient details should be captured at the time of registration.",Apr 2013 - Mar 2015,Apr 2013, Mar 2015,http://content.digital.nhs.uk/iapt,Nathan Abbotts,11/7/17,,,None-Historic,Final,None-Historic,Yes
NHSE_IAPT,dbo,IAPT_Referral,Table,"A referral is a request for a care service to be provided for a patient. It includes self referrals. Whilst a patient may have multiple referrals which require recording within the table, only one record is required for each referral.",Apr 2013 - Mar 2015,Apr 2013, Mar 2015,http://content.digital.nhs.uk/iapt,Nathan Abbotts,11/7/17,,,None-Historic,Final,None-Historic,Yes
NHSE_IAPT,dbo,IAPT_Treatments,Table,This table should contain details of each IAPT Treatment Patient Experience Questionnaire administered for a patient by a healthcare professional.,Apr 2013 - Mar 2015,Apr 2013, Mar 2015,http://content.digital.nhs.uk/iapt,Nathan Abbotts,11/7/17,,,None-Historic,Final,None-Historic,Yes
NHSE_IAPT,dbo,IAPT_WaitingTimes,Table,This table should contain a record for each separate period of Activity Suspension for a patient. ,Apr 2013 - Mar 2015,Apr 2013, Mar 2015,http://content.digital.nhs.uk/iapt,Nathan Abbotts,11/7/17,,,None-Historic,Final,None-Historic,Yes
NHSE_IAPT,dbo,Person_v15,Table,"This table will contain personal demographic data that relates to individual patient differences such as age, faith, gender, ethnicity, employment status, and sexuality.
The patient is someone in receipt of services for depression or anxiety. Patient details should be captured at the time of registration.",Apr 2015 - Ongoing,Apr 2015, Ongoing,http://content.digital.nhs.uk/iapt,Nathan Abbotts,11/7/17,,,Monthly,Monthly,Monthly,No
NHSE_IAPT,dbo,Referral_v15,Table,"A referral is a request for a care service to be provided for a patient. It includes self referrals. Whilst a patient may have multiple referrals which require recording within the table, only one record is required for each referral.",Apr 2015 - Ongoing,Apr 2015, Ongoing,http://content.digital.nhs.uk/iapt,Nathan Abbotts,11/7/17,,,Monthly,Monthly,Monthly,No
NHSE_IAPT,dbo,Treatments_v15,Table,This table should contain details of each IAPT Treatment Patient Experience Questionnaire administered for a patient by a healthcare professional.,Apr 2015 - Ongoing,Apr 2015, Ongoing,http://content.digital.nhs.uk/iapt,Nathan Abbotts,11/7/17,,,Monthly,Monthly,Monthly,No
NHSE_IAPT,dbo,WaitingTimes_v15,Table,This table should contain a record for each separate period of Activity Suspension for a patient. ,Apr 2015 - Ongoing,Apr 2015, Ongoing,http://content.digital.nhs.uk/iapt,Nathan Abbotts,11/7/17,,,Monthly,Monthly,Monthly,No
NHSE_IAPT,internal,DataDictionary,Table,Meta data about the database,N/A,N/A,N/A,,Nathan Abbotts,11/7/17,,,N/A,N/A,N/A,N/A
NHSE_IAPT_Pilot,,,N/A,"Pilot data for the impact of 'Integrated IAPT' services co-located in and integrated with physical health services, focused on people with anxiety/depression in the context of Long Term Conditions (LTCs) and/or Medically Unexplained Symptoms (MUS).

This pilot exercise is linked to the existing IAPT data set standard through the collection of LTC and/or MUS data from participating IAPT providers and services. More details at: https://www.england.nhs.uk/mentalhealth/adults/iapt/mus/sites/",Jan 2017 - Ongoing,Jan 2017, Ongoing,,Nathan Abbotts,11/7/17,,,N/A,N/A,N/A,N/A
NHSE_IAPT_Pilot,dbo,LTCAPPOINTMENT,Table,An appointment is an interaction with a patient by a health care professional with the objective of making a contribution to the health care of the patient. This table holds details of LT Condition pilot information gathered at each appointment. A patient may have multiple appointments which require recording.,Jan 2017 - Ongoing,Jan 2017, Ongoing,http://content.digital.nhs.uk/iapt,Nathan Abbotts,11/7/17,,,Monthly,Monthly,Monthly,No
NHSE_IAPT_Pilot,dbo,LTCCSRI3MONTHS,Table,This table should contain details of the Client Service Receipt Inventory (CSRI) in the last 3 months.,Jan 2017 - Ongoing,Jan 2017, Ongoing,http://content.digital.nhs.uk/iapt,Nathan Abbotts,11/7/17,,,Monthly,Monthly,Monthly,No
NHSE_IAPT_Pilot,dbo,LTCHEADER,Table,Contains the metadata relating to the submission file.,Jan 2017 - Ongoing,Jan 2017, Ongoing,http://content.digital.nhs.uk/iapt,Nathan Abbotts,11/7/17,,,Monthly,Monthly,Monthly,No
NHSE_IAPT_Pilot,dbo,LTCLONGTERMCONDITION,Table,This table should contain details of each long term condition the patient has.,Jan 2017 - Ongoing,Jan 2017, Ongoing,http://content.digital.nhs.uk/iapt,Nathan Abbotts,11/7/17,,,Monthly,Monthly,Monthly,No
NHSE_IAPT_Pilot,dbo,LTCMUS,Table,This table should contain details of each medical unexplained symptom. This should have one record per patient/referral combination.,Jan 2017 - Ongoing,Jan 2017, Ongoing,http://content.digital.nhs.uk/iapt,Nathan Abbotts,11/7/17,,,Monthly,Monthly,Monthly,No
NHSE_Mental_Health,,,N/A,"The mental health data. This includes several datasets, including the Mental Health Services Data Set (MHSDS), Mental Health Learning Disabilities Data set (MHLDDS) and Mental Health Minimum Data Set (MHMDS).",Apr 2013 - Ongoing,Apr 2013, Ongoing,http://content.digital.nhs.uk/mhsds,Nathan Abbotts,11/7/17,,,N/A,N/A,N/A,N/A
NHSE_Mental_Health,internal,,N/A,The default schema for the meta data in the database.,N/A,N/A,N/A,,Nathan Abbotts,11/7/17,,,N/A,N/A,N/A,N/A
NHSE_Mental_Health,dbo,Master_MHS000_Header,Table,Contains the metadata relating to the submission file.,Jan 2016 - Ongoing,Jan 2016, Ongoing,http://content.digital.nhs.uk/mhsds,Nathan Abbotts,11/7/17,,,Monthly,Monthly,Monthly,No
NHSE_Mental_Health,dbo,Master_MHS001_MPI,Table,The personal details of the person.,Jan 2016 - Ongoing,Jan 2016, Ongoing,http://content.digital.nhs.uk/mhsds,Nathan Abbotts,11/7/17,,,Monthly,Monthly,Monthly,No
NHSE_Mental_Health,dbo,Master_MHS002_GP,Table,Details of the GP Practice Registration of the person. ,Jan 2016 - Ongoing,Jan 2016, Ongoing,http://content.digital.nhs.uk/mhsds,Nathan Abbotts,11/7/17,,,Monthly,Monthly,Monthly,No
NHSE_Mental_Health,dbo,Master_MHS003_Accomodation,Table,Accommodation details of the person.,Jan 2016 - Ongoing,Jan 2016, Ongoing,http://content.digital.nhs.uk/mhsds,Nathan Abbotts,11/7/17,,,Monthly,Monthly,Monthly,No
NHSE_Mental_Health,dbo,Master_MHS004_Employment,Table,Details of the employment status of  the person.,Jan 2016 - Ongoing,Jan 2016, Ongoing,http://content.digital.nhs.uk/mhsds,Nathan Abbotts,11/7/17,,,Monthly,Monthly,Monthly,No
NHSE_Mental_Health,dbo,Master_MHS005_Patient_Indicators,Table,Details of specific indicators relating to a person.,Jan 2016 - Ongoing,Jan 2016, Ongoing,http://content.digital.nhs.uk/mhsds,Nathan Abbotts,11/7/17,,,Monthly,Monthly,Monthly,No
NHSE_Mental_Health,dbo,Master_MHS006_MH_Care_Coord,Table,Details of the Mental Health Care Coordinator assigned to a person.,Jan 2016 - Ongoing,Jan 2016, Ongoing,http://content.digital.nhs.uk/mhsds,Nathan Abbotts,11/7/17,,,Monthly,Monthly,Monthly,No
NHSE_Mental_Health,dbo,Master_MHS007_Disability_Type,Table,"The details of the type of disability affecting a person, based on their perception or the perception of a patient proxy.",Jan 2016 - Ongoing,Jan 2016, Ongoing,http://content.digital.nhs.uk/mhsds,Nathan Abbotts,11/7/17,,,Monthly,Monthly,Monthly,No
NHSE_Mental_Health,dbo,Master_MHS008_MH_CrisisPlanType,Table,"Details of Care Plans created for a patient by the organisation, excluding Discharge Plans which are contained in the Service of Team Referral table.",Jan 2016 - Ongoing,Jan 2016, Ongoing,http://content.digital.nhs.uk/mhsds,Nathan Abbotts,11/7/17,,,Monthly,Monthly,Monthly,No
NHSE_Mental_Health,dbo,Master_MHS009_CarePlanAgreement,Table,"Details of any agreements to a Care Plan by a person, team or organisation.",Apr 2017 - Ongoing,Apr 2017, Ongoing,http://content.digital.nhs.uk/mhsds,Nathan Abbotts,11/7/17,,,Monthly,Monthly,Monthly,No
NHSE_Mental_Health,dbo,Master_MHS010_AssTechToSupportDisTyp,Table,The details of when assitive technology is used to support a disabled patient.,Apr 2017 - Ongoing,Apr 2017, Ongoing,http://content.digital.nhs.uk/mhsds,Nathan Abbotts,11/7/17,,,Monthly,Monthly,Monthly,No
NHSE_Mental_Health,dbo,Master_MHS101_Referral,Table,Details of the referral that the patient is subject to. ,Jan 2016 - Ongoing,Jan 2016, Ongoing,http://content.digital.nhs.uk/mhsds,Nathan Abbotts,11/7/17,,,Monthly,Monthly,Monthly,No
NHSE_Mental_Health,dbo,Master_MHS102_ServiceTypeReferredTo,Table,Details of the service or team that a patient is referred to. ,Jan 2016 - Ongoing,Jan 2016, Ongoing,http://content.digital.nhs.uk/mhsds,Nathan Abbotts,11/7/17,,,Monthly,Monthly,Monthly,No
NHSE_Mental_Health,dbo,Master_MHS103_OtherReasonReferral,Table,Details of additional reasons why a person has been referred to a specific service. ,Jan 2016 - Ongoing,Jan 2016, Ongoing,http://content.digital.nhs.uk/mhsds,Nathan Abbotts,11/7/17,,,Monthly,Monthly,Monthly,No
NHSE_Mental_Health,dbo,Master_MHS104_RTT,Table,Referral to treatment (RTT) details for the person's referral. ,Jan 2016 - Ongoing,Jan 2016, Ongoing,http://content.digital.nhs.uk/mhsds,Nathan Abbotts,11/7/17,,,Monthly,Monthly,Monthly,No
NHSE_Mental_Health,dbo,Master_MHS105_OnwardReferral,Table,Details of any onward referral of the person which has taken place. ,Jan 2016 - Ongoing,Jan 2016, Ongoing,http://content.digital.nhs.uk/mhsds,Nathan Abbotts,11/7/17,,,Monthly,Monthly,Monthly,No
NHSE_Mental_Health,dbo,Master_MHS106_DischargePlanAgreement,Table,"Details of any agreements to a  Discharge Plan by a person, team or organisation.",Apr 2017 - Ongoing,Apr 2017, Ongoing,http://content.digital.nhs.uk/mhsds,Nathan Abbotts,11/7/17,,,Monthly,Monthly,Monthly,No
NHSE_Mental_Health,dbo,Master_MHS201_CareContact,Table,Details of any contacts with a patient which have taken place as part of a referral. ,Jan 2016 - Ongoing,Jan 2016, Ongoing,http://content.digital.nhs.uk/mhsds,Nathan Abbotts,11/7/17,,,Monthly,Monthly,Monthly,No
NHSE_Mental_Health,dbo,Master_MHS202_CareActivity,Table,Details of any care activity undertaken at a Care Contact.,Jan 2016 - Ongoing,Jan 2016, Ongoing,http://content.digital.nhs.uk/mhsds,Nathan Abbotts,11/7/17,,,Monthly,Monthly,Monthly,No
NHSE_Mental_Health,dbo,Master_MHS203_OtherAttend,Table,Details of any other people in attendance at a Care Contact.,Jan 2016 - Ongoing,Jan 2016, Ongoing,http://content.digital.nhs.uk/mhsds,Nathan Abbotts,11/7/17,,,Monthly,Monthly,Monthly,No
NHSE_Mental_Health,dbo,Master_MHS204_IndirectActivity,Table,Details of indirect activity which takes place as a result of the referral. ,Jan 2016 - Ongoing,Jan 2016, Ongoing,http://content.digital.nhs.uk/mhsds,Nathan Abbotts,11/7/17,,,Monthly,Monthly,Monthly,No
NHSE_Mental_Health,dbo,Master_MHS301_GroupSession,Table,Details of any group sessions which have been provided to a group of people during the reporting period. ,Jan 2016 - Ongoing,Jan 2016, Ongoing,http://content.digital.nhs.uk/mhsds,Nathan Abbotts,11/7/17,,,Monthly,Monthly,Monthly,No
NHSE_Mental_Health,dbo,Master_MHS401_MHActPeriod,Table,Details of Mental Health Act Legal Status Classification Periods for people formally detained under the Mental Health Act 1983 or other Acts.,Jan 2016 - Ongoing,Jan 2016, Ongoing,http://content.digital.nhs.uk/mhsds,Nathan Abbotts,11/7/17,,,Monthly,Monthly,Monthly,No
NHSE_Mental_Health,dbo,Master_MHS402_MH_RespClinicalAss,Table,Details of the assignment of a Mental Health Responsible Clinician to the person.,Jan 2016 - Ongoing,Jan 2016, Ongoing,http://content.digital.nhs.uk/mhsds,Nathan Abbotts,11/7/17,,,Monthly,Monthly,Monthly,No
NHSE_Mental_Health,dbo,Master_MHS403_ConditionalDischarge,Table,Details of each separate period of conditional discharge for the person.,Jan 2016 - Ongoing,Jan 2016, Ongoing,http://content.digital.nhs.uk/mhsds,Nathan Abbotts,11/7/17,,,Monthly,Monthly,Monthly,No
NHSE_Mental_Health,dbo,Master_MHS404_Community_TreatmentOrder,Table,Details of each separate period of a Community Treatment Order under section 17a of the Mental Health Act 1983 for the person. ,Jan 2016 - Ongoing,Jan 2016, Ongoing,http://content.digital.nhs.uk/mhsds,Nathan Abbotts,11/7/17,,,Monthly,Monthly,Monthly,No
NHSE_Mental_Health,dbo,Master_MHS405_Community_TreatmentOrder_Recall,Table,Details of each separate period of recall into hospital for a person on a Community Treatment Order under section 17a of the Mental Health Act 1983.  ,Jan 2016 - Ongoing,Jan 2016, Ongoing,http://content.digital.nhs.uk/mhsds,Nathan Abbotts,11/7/17,,,Monthly,Monthly,Monthly,No
NHSE_Mental_Health,dbo,Master_MHS501_Hosp_Provider_Spell,Table,Details of each Hospital Provider Spell for a patient.,Jan 2016 - Ongoing,Jan 2016, Ongoing,http://content.digital.nhs.uk/mhsds,Nathan Abbotts,11/7/17,,,Monthly,Monthly,Monthly,No
NHSE_Mental_Health,dbo,Master_MHS502_WardStay,Table,Details of Ward Stays which occurred during a Hospital Provider Spell for the person.,Jan 2016 - Ongoing,Jan 2016, Ongoing,http://content.digital.nhs.uk/mhsds,Nathan Abbotts,11/7/17,,,Monthly,Monthly,Monthly,No
NHSE_Mental_Health,dbo,Master_MHS503_AssignedProfCare,Table,Details of the Care Professional assigned responsbility for the care of the patient.,Jan 2016 - Ongoing,Jan 2016, Ongoing,http://content.digital.nhs.uk/mhsds,Nathan Abbotts,11/7/17,,,Monthly,Monthly,Monthly,No
NHSE_Mental_Health,dbo,Master_MHS504_DelayedDischarge,Table,Details of the person's Mental Health Delayed Discharge Periods which occurred during a Hospital Provider Spell.,Jan 2016 - Ongoing,Jan 2016, Ongoing,http://content.digital.nhs.uk/mhsds,Nathan Abbotts,11/7/17,,,Monthly,Monthly,Monthly,No
NHSE_Mental_Health,dbo,Master_MHS505_RestrictiveIntervention,Table,"Details of each separate reported incident of a Restrictive Intervention of the person by one or more members of staff in response to aggressive behaviour or resistance to treatment, during a Hospital Provider Spell.",Jan 2016 - Ongoing,Jan 2016, Ongoing,http://content.digital.nhs.uk/mhsds,Nathan Abbotts,11/7/17,,,Monthly,Monthly,Monthly,No
NHSE_Mental_Health,dbo,Master_MHS506_Assault,Table,Details of each separate reported incident of assault on the patient by another patient during a Hospital Provider Spell.,Jan 2016 - Ongoing,Jan 2016, Ongoing,http://content.digital.nhs.uk/mhsds,Nathan Abbotts,11/7/17,,,Monthly,Monthly,Monthly,No
NHSE_Mental_Health,dbo,Master_MHS507_SelfHarm,Table,Details of each separate reported incident of self-harm by the person.,Jan 2016 - Ongoing,Jan 2016, Ongoing,http://content.digital.nhs.uk/mhsds,Nathan Abbotts,11/7/17,,,Monthly,Monthly,Monthly,No
NHSE_Mental_Health,dbo,Master_MHS509_HomeLeave,Table,Details of each separate period of Home Leave from a Hospital Provider Spell for a person who is NOT liable for detention under the Mental Health Act 1983 and who is NOT on a Community Treatment Order.,Jan 2016 - Ongoing,Jan 2016, Ongoing,http://content.digital.nhs.uk/mhsds,Nathan Abbotts,11/7/17,,,Monthly,Monthly,Monthly,No
NHSE_Mental_Health,dbo,Master_MHS510_LeaveOfAbsence,Table,"Details of each separate period of Mental Health Leave of Absence under section 17 of the Mental Health Act 1983, as amended by the Mental Health (Patients in the Community) Act 1995, involving an overnight stay for the person.",Jan 2016 - Ongoing,Jan 2016, Ongoing,http://content.digital.nhs.uk/mhsds,Nathan Abbotts,11/7/17,,,Monthly,Monthly,Monthly,No
NHSE_Mental_Health,dbo,Master_MHS511_AbsenceWithoutLeave,Table,"Details of each separate period of Mental Health Absence Without Leave for the person under section 18 of the Mental Health Act 1983, as amended by the Mental Health (Patients in the Community) Act 1995.",Jan 2016 - Ongoing,Jan 2016, Ongoing,http://content.digital.nhs.uk/mhsds,Nathan Abbotts,11/7/17,,,Monthly,Monthly,Monthly,No
NHSE_Mental_Health,dbo,Master_MHS512_Hosp_Spell_Commissioner,Table,Details of each commissioner assignment for the patient,Jan 2016 - Ongoing,Jan 2016, Ongoing,http://content.digital.nhs.uk/mhsds,Nathan Abbotts,11/7/17,,,Monthly,Monthly,Monthly,No
NHSE_Mental_Health,dbo,Master_MHS513_SubstanceMisuse,Table,"Observation details of evidence of substance misuse by a patient within a ward stay,",Apr 2017 - Ongoing,Apr 2017, Ongoing,http://content.digital.nhs.uk/mhsds,Nathan Abbotts,11/7/17,,,Monthly,Monthly,Monthly,No
NHSE_Mental_Health,dbo,Master_MHS601_MedPrevHistDiag,Table,The details of any previous diagnoses for a person which are stated by the person or recorded in medical notes. These do not necessarily have to have been diagnosed by the organisation submitting the data.,Jan 2016 - Ongoing,Jan 2016, Ongoing,http://content.digital.nhs.uk/mhsds,Nathan Abbotts,11/7/17,,,Monthly,Monthly,Monthly,No
NHSE_Mental_Health,dbo,Master_MHS603_ProvDiag,Table,The details of a provisional diagnosis recorded for a person made by the service that the person was referred or admitted to. ,Jan 2016 - Ongoing,Jan 2016, Ongoing,http://content.digital.nhs.uk/mhsds,Nathan Abbotts,11/7/17,,,Monthly,Monthly,Monthly,No
NHSE_Mental_Health,dbo,Master_MHS604_PrimDiag,Table,The details of the primary diagnosis recorded for the person made by the service that the person was referred or admitted to. This can change during a reporting period.,Jan 2016 - Ongoing,Jan 2016, Ongoing,http://content.digital.nhs.uk/mhsds,Nathan Abbotts,11/7/17,,,Monthly,Monthly,Monthly,No
NHSE_Mental_Health,dbo,Master_MHS605_SecDiag,Table,The details of a secondary diagnosis recorded for a person made by the service that the person was referred or admitted to.,Jan 2016 - Ongoing,Jan 2016, Ongoing,http://content.digital.nhs.uk/mhsds,Nathan Abbotts,11/7/17,,,Monthly,Monthly,Monthly,No
NHSE_Mental_Health,dbo,Master_MHS606_CodedScoreAssessmentRefer,Table,"Details of scored assessments that are issued and completed as part of a referral to a mental health service, but do not take place at a specific contact.",Jan 2016 - Ongoing,Jan 2016, Ongoing,http://content.digital.nhs.uk/mhsds,Nathan Abbotts,11/7/17,,,Monthly,Monthly,Monthly,No
NHSE_Mental_Health,dbo,Master_MHS607_CodedScoreAssessmentCont,Table,Details of scored assessments that are issued and completed as part of a specific Care Contact.,Jan 2016 - Ongoing,Jan 2016, Ongoing,http://content.digital.nhs.uk/mhsds,Nathan Abbotts,11/7/17,,,Monthly,Monthly,Monthly,No
NHSE_Mental_Health,dbo,Master_MHS608_AnonSelfAssess,Table,Details of anonymous assessments that are issued and completed as part of a referral to a Mental Health Service.,Jan 2016 - Ongoing,Jan 2016, Ongoing,http://content.digital.nhs.uk/mhsds,Nathan Abbotts,11/7/17,,,Monthly,Monthly,Monthly,No
NHSE_Mental_Health,dbo,Master_MHS701_CPACareEpisode,Table,Details of the periods of time the person spent on Care Programme Approach.,Jan 2016 - Ongoing,Jan 2016, Ongoing,http://content.digital.nhs.uk/mhsds,Nathan Abbotts,11/7/17,,,Monthly,Monthly,Monthly,No
NHSE_Mental_Health,dbo,Master_MHS702_CPAReview,Table,Details of the Care Programme Approach (CPA) reviews undertaken for the person.,Jan 2016 - Ongoing,Jan 2016, Ongoing,http://content.digital.nhs.uk/mhsds,Nathan Abbotts,11/7/17,,,Monthly,Monthly,Monthly,No
NHSE_Mental_Health,dbo,Master_MHS801_ClusterTool,Table,Details of all clustering tool assessments for all patients.,Jan 2016 - Ongoing,Jan 2016, Ongoing,http://content.digital.nhs.uk/mhsds,Nathan Abbotts,11/7/17,,,Monthly,Monthly,Monthly,No
NHSE_Mental_Health,dbo,Master_MHS802_CodedScoredAssessment,Table,Details of scored assessments that are issued and completed as part of a Clustering Tool assessment.,Jan 2016 - Ongoing,Jan 2016, Ongoing,http://content.digital.nhs.uk/mhsds,Nathan Abbotts,11/7/17,,,Monthly,Monthly,Monthly,No
NHSE_Mental_Health,dbo,Master_MHS803_CareCluster,Table,Details of the Care Cluster resulting from a clustering tool assessment.,Jan 2016 - Ongoing,Jan 2016, Ongoing,http://content.digital.nhs.uk/mhsds,Nathan Abbotts,11/7/17,,,Monthly,Monthly,Monthly,No
NHSE_Mental_Health,dbo,Master_MHS804_FiveForensicPathways,Table,Details of the Five Forensic Pathway grouping allocated to the patient during a Five Forensic Pathway assessment.,Apr 2017 - Ongoing,Apr 2017, Ongoing,http://content.digital.nhs.uk/mhsds,Nathan Abbotts,11/7/17,,,Monthly,Monthly,Monthly,No
NHSE_Mental_Health,dbo,Master_MHS901_StaffDetails,Table,Details of the staff involved in providing the person's care.,Jan 2016 - Ongoing,Jan 2016, Ongoing,http://content.digital.nhs.uk/mhsds,Nathan Abbotts,11/7/17,,,Monthly,Monthly,Monthly,No
NHSE_Mental_Health,dbo,MHLDDS_Episodes,Table,"This table has been derived prior to receipt in the NCDR and contains details of mental health episodes. This includes data for the following episode types 5 - REFER, 6 - TEAMEP, 7 - DAYEP, 8 - OPEP, 9 - HBCAREEP, 10- NHSCAREHOMEEP, 11 - PROVSPELL, 12 - INPATEP, 13 - WARDSTAYS, 14 - DELAYEDDISCHARGE, 17 - CCASS, 18 - RCASS, 24 - CPAEP, 27 - CLUSTER, 34 - MHAEVENT, 35 - SCT, 36 - SCTRECALL, 39 - LOA, 40 - AWOL, 41 - HOMELEAVE, 46 - COMMHIST & 47 - CONDISCH.",Apr 2014 - Dec 2015,Apr 2014, Dec 2015,http://content.digital.nhs.uk/mhsds,Nathan Abbotts,11/7/17,,,Monthly,Monthly,Monthly,No
NHSE_Mental_Health,dbo,MHLDDS_Events,Table,"This table has been derived prior to receipt in the NCDR and contains details of mental health events. This includes data for the following event types 3 - EMP, 4 - ACCOMM, 19 - HCPCONT, 20 - DAYATT, 21 - REV, 22 - PRIMDIAG, 23 - SECDIAG, 26 - MHCT, 28 - HONOS, 29 - HONOS65+, 30 - HONOSCA, 31 - HONOSSECURE, 32 - PHQ-9, 33 - SSASS, 37 - INTERVENTION, 38 - ECT, 42 - SELFHRM, 43 - RESTRAINT, 44 - ASSAULT, 45 - SECLUSION & 49 - HONOS-LD.",Apr 2014 - Dec 2015,Apr 2014, Dec 2015,http://content.digital.nhs.uk/mhsds,Nathan Abbotts,11/7/17,,,Monthly,Monthly,Monthly,No
NHSE_Mental_Health,dbo,MHLDDS_Records,Table,"This table has been derived prior to receipt in the NCDR and contains details of mental health records, where there has been a valid patient identifier and referral submitted.",Apr 2014 - Dec 2015,Apr 2014, Dec 2015,http://content.digital.nhs.uk/mhsds,Nathan Abbotts,11/7/17,,,Monthly,Monthly,Monthly,No
NHSE_Mental_Health,dbo,MHMDS_Episodes,Table,"This table has been derived prior to receipt in the NCDR and contains details of mental health episodes. This includes data for the following episode types 5 - REFER, 6 - TEAMEP, 7 - DAYEP, 8 - OPEP, 9 - HBCAREEP, 10- NHSCAREHOMEEP, 11 - PROVSPELL, 12 - INPATEP, 13 - WARDSTAYS, 14 - DELAYEDDISCHARGE, 17 - CCASS, 18 - RCASS, 24 - CPAEP, 27 - CLUSTER, 34 - MHAEVENT, 35 - SCT, 36 - SCTRECALL, 39 - LOA, 40 - AWOL, 41 - HOMELEAVE, 46 - COMMHIST & 47 - CONDISCH.",Apr 2013 - Mar 2014,Apr 2013, Mar 2014,http://content.digital.nhs.uk/mhsds,Nathan Abbotts,11/7/17,,,Monthly,Monthly,Monthly,No
NHSE_Mental_Health,dbo,MHMDS_Events,Table,"This table has been derived prior to receipt in the NCDR and contains details of mental health events. This includes data for the following event types 3 - EMP, 4 - ACCOMM, 19 - HCPCONT, 20 - DAYATT, 21 - REV, 22 - PRIMDIAG, 23 - SECDIAG, 26 - MHCT, 28 - HONOS, 29 - HONOS65+, 30 - HONOSCA, 31 - HONOSSECURE, 32 - PHQ-9, 33 - SSASS, 37 - INTERVENTION, 38 - ECT, 42 - SELFHRM, 43 - RESTRAINT, 44 - ASSAULT, 45 - SECLUSION & 49 - HONOS-LD.",Apr 2013 - Mar 2014,Apr 2013, Mar 2014,http://content.digital.nhs.uk/mhsds,Nathan Abbotts,11/7/17,,,Monthly,Monthly,Monthly,No
NHSE_Mental_Health,dbo,MHMDS_Records,Table,"This table has been derived prior to receipt in the NCDR and contains details of mental health records, where there has been a valid patient identifier and referral submitted.",Apr 2013 - Mar 2014,Apr 2013, Mar 2014,http://content.digital.nhs.uk/mhsds,Nathan Abbotts,11/7/17,,,Monthly,Monthly,Monthly,No
NHSE_Mental_Health,Internal,DataDictionary,Table,Meta data about the database,N/A,N/A,N/A,,Nathan Abbotts,11/7/17,,,N/A,N/A,N/A,N/A
NHSE_SUSPlus_Aggregate,,,N/A,An aggregated copy of the SUS+ data. This database is also used to create and store various extracts from the NCDR.,N/A,N/A,N/A,http://content.digital.nhs.uk/sus/susguidance,Nathan Abbotts,12/5/17,,,N/A,N/A,N/A,N/A
NHSE_SUSPlus_Aggregate,CCGIAF,,N/A,The schema used to store data for the CCG Improvement and Assessment Framework,N/A,N/A,N/A,,Nathan Abbotts,12/5/17,,,N/A,N/A,N/A,N/A
NHSE_SUSPlus_Aggregate,Data,,N/A,The schema used for the data in the database.,N/A,N/A,N/A,,Nathan Abbotts,12/5/17,,,N/A,N/A,N/A,N/A
NHSE_SUSPlus_Aggregate,ETL,,N/A,"The schema used to transform data, it is expected that this logic will be moved further upstream in the future",N/A,N/A,N/A,,Nathan Abbotts,12/5/17,,,N/A,N/A,N/A,N/A
NHSE_SUSPlus_Aggregate,Mapping,,N/A,The schema for various mapping/reference/look up tables.,N/A,N/A,N/A,,Nathan Abbotts,12/5/17,,,N/A,N/A,N/A,N/A
NHSE_SUSPlus_Aggregate,Staging,,N/A,The schema used for reference data used to adapt/transform the data.,N/A,N/A,N/A,,Nathan Abbotts,12/5/17,,,N/A,N/A,N/A,N/A
NHSE_SUSPlus_Aggregate,CubeExtract,,N/A,The schema for the Cube extracts.,N/A,N/A,N/A,,Nathan Abbotts,12/5/17,,,N/A,N/A,N/A,N/A
NHSE_SUSPlus_Aggregate,DoHExtract,,N/A,The schema for the Department of Health extracts.,N/A,N/A,N/A,,Nathan Abbotts,12/5/17,,,N/A,N/A,N/A,N/A
NHSE_SUSPlus_Aggregate,FPDExtract,,N/A,The schema for the Finance Planning & Delivery extracts.,N/A,N/A,N/A,,Nathan Abbotts,12/5/17,,,N/A,N/A,N/A,N/A
NHSE_SUSPlus_Aggregate,NHSDExtract,,N/A,The schema for the NHS Digital extracts.,N/A,N/A,N/A,,Nathan Abbotts,12/5/17,,,N/A,N/A,N/A,N/A
NHSE_SUSPlus_Aggregate,NHSIExtract,,N/A,The schema for the NHS Improvement extracts.,N/A,N/A,N/A,,Nathan Abbotts,12/5/17,,,N/A,N/A,N/A,N/A
NHSE_SUSPlus_Aggregate,OICExtract,,N/A,The schema for the Operational Information for Commissioners extracts.,N/A,N/A,N/A,,Nathan Abbotts,12/5/17,,,N/A,N/A,N/A,N/A
NHSE_SUSPlus_Aggregate,QIPP,,N/A,"The schema for extracts for finance, to support QIPP work.",N/A,N/A,N/A,,Nathan Abbotts,12/5/17,,,N/A,N/A,N/A,N/A
NHSE_SUSPlus_Aggregate,StandardExtract,,N/A,The schema for the standard extracts (sent to NHS Improvement).,N/A,N/A,N/A,,Nathan Abbotts,12/5/17,,,N/A,N/A,N/A,N/A
NHSE_SUSPlus_Aggregate,CCGIAF,CCGIAF_104a_Output,Table,The output for the CCG IAF 104a - Injuries from falls in people aged 65 and over. Further details regarding CCG IAF derivation are available from document XYZ,Jan 2015 - Ongoing,Jan 2015, Ongoing,,Nathan Abbotts,12/5/17,,,Monthly,Monthly,Monthly,No
NHSE_SUSPlus_Aggregate,CCGIAF,CCGIAF_106a_Output,Table,The output for the CCG IAF 106a - Inequality in unplanned hospitalisation for chronic ambulatory care sensitive conditions and urgent care sensitive conditions (previously these were separated into 106a and 106b). Further details regarding CCG IAF derivation are available from document XYZ,Jan 2015 - Ongoing,Jan 2015, Ongoing,,Nathan Abbotts,12/5/17,,,Monthly,Monthly,Monthly,No
NHSE_SUSPlus_Aggregate,CCGIAF,CCGIAF_127b_Output,Table,The output for the CCG IAF 127b - Emergency admissions for urgent care sensitive conditions. Further details regarding CCG IAF derivation are available from document XYZ,Jan 2015 - Ongoing,Jan 2015, Ongoing,,Nathan Abbotts,12/5/17,,,Monthly,Monthly,Monthly,No
NHSE_SUSPlus_Aggregate,CCGIAF,CCGIAF_127f_Output,Table,The output for the CCG IAF 127f - Population use of hospital beds following emergency admission. Further details regarding CCG IAF derivation are available from document XYZ,Jan 2015 - Ongoing,Jan 2015, Ongoing,,Nathan Abbotts,12/5/17,,,Monthly,Monthly,Monthly,No
NHSE_SUSPlus_Aggregate,CCGIAF,QuarterDates,Table,The “control table” that contains the dates and reference tables to be used when deriving the CCG IAF indicators. Further details regarding CCG IAF derivation are available from document XYZ,N/A,N/A,N/A,,Nathan Abbotts,12/5/17,,,Monthly,Monthly,Monthly,No
NHSE_SUSPlus_Aggregate,Data,AE,Table,"The A&E data for all years from 2015/16 to 2017/18, with the ""correct"", same year logic applied",Apr 2015 - Ongoing,Apr 2015, Ongoing,,Nathan Abbotts,12/5/17,,,Monthly,Monthly,Monthly,No
NHSE_SUSPlus_Aggregate,Data,AE1516,Table,"The A&E data for 2015/16, with the ""correct"", same year logic applied",Apr 2015 - Mar 2016,Apr 2015, Mar 2016,,Nathan Abbotts,12/5/17,,,Monthly,Monthly,Monthly,No
NHSE_SUSPlus_Aggregate,Data,AE1617,Table,"The A&E data for 2016/17, with the ""correct"", same year logic applied",Apr 2016 - Mar 2017,Apr 2016, Mar 2017,,Nathan Abbotts,12/5/17,,,Monthly,Monthly,Monthly,No
NHSE_SUSPlus_Aggregate,Data,AE1718,Table,"The A&E data for all years from 2015/16 to 2017/18, with the latest logic (2017/18) applied",Apr 2015 - Ongoing,Apr 2015, Ongoing,,Nathan Abbotts,12/5/17,,,Monthly,Monthly,Monthly,No
NHSE_SUSPlus_Aggregate,Data,APC,Table,"The APC (spells) data for all years from 2015/16 to 2017/18, with the ""correct"", same year logic applied",Apr 2015 - Ongoing,Apr 2015, Ongoing,,Nathan Abbotts,12/5/17,,,Monthly,Monthly,Monthly,No
NHSE_SUSPlus_Aggregate,Data,APC1516,Table,"The APC (spells) data for 2015/16, with the ""correct"", same year logic applied",Apr 2015 - Mar 2016,Apr 2015, Mar 2016,,Nathan Abbotts,12/5/17,,,Monthly,Monthly,Monthly,No
NHSE_SUSPlus_Aggregate,Data,APC1617,Table,"The APC (spells) data for 2016/17, with the ""correct"", same year logic applied",Apr 2016 - Mar 2017,Apr 2016, Mar 2017,,Nathan Abbotts,12/5/17,,,Monthly,Monthly,Monthly,No
NHSE_SUSPlus_Aggregate,Data,APC1718,Table,"The APC (spells) data for all years from 2015/16 to 2017/18, with the latest logic (2017/18) applied",Apr 2015 - Ongoing,Apr 2015, Ongoing,,Nathan Abbotts,12/5/17,,,Monthly,Monthly,Monthly,No
NHSE_SUSPlus_Aggregate,Data,OP,Table,"The OP data for all years from 2015/16 to 2017/18, with the ""correct"", same year logic applied",Apr 2015 - Ongoing,Apr 2015, Ongoing,,Nathan Abbotts,12/5/17,,,Monthly,Monthly,Monthly,No
NHSE_SUSPlus_Aggregate,Data,OP1516,Table,"The OP data for 2015/16, with the ""correct"", same year logic applied",Apr 2015 - Mar 2016,Apr 2015, Mar 2016,,Nathan Abbotts,12/5/17,,,Monthly,Monthly,Monthly,No
NHSE_SUSPlus_Aggregate,Data,OP1617,Table,"The OP data for 2016/17, with the ""correct"", same year logic applied",Apr 2016 - Mar 2017,Apr 2016, Mar 2017,,Nathan Abbotts,12/5/17,,,Monthly,Monthly,Monthly,No
NHSE_SUSPlus_Aggregate,Data,OP1718,Table,"The OP data for all years from 2015/16 to 2017/18, with the latest logic (2017/18) applied",Apr 2015 - Ongoing,Apr 2015, Ongoing,,Nathan Abbotts,12/5/17,,,Monthly,Monthly,Monthly,No
NHSE_SUSPlus_Aggregate,ETL,AEAverages,Table,This table is used as a part of the processing to derive provider/national average prices. This table contains details of all of the different average prices that have been derived,Apr 2015 - Ongoing,Apr 2015, Ongoing,,Nathan Abbotts,12/5/17,,,Monthly,Monthly,Monthly,No
NHSE_SUSPlus_Aggregate,ETL,AEUncosted,Table,This table is used as a part of the processing to derive provider/national average prices. This table identifies rows that do not have a natoinal tariff applied to them and that also meet the criteria for an average tariff to be applied. This table is cleared out once used,Apr 2015 - Ongoing,Apr 2015, Ongoing,,Nathan Abbotts,12/5/17,,,Monthly,Monthly,Monthly,No
NHSE_SUSPlus_Aggregate,ETL,APCSAverages,Table,This table is used as a part of the processing to derive provider/national average prices. This table contains details of all of the different average prices that have been derived,Apr 2015 - Ongoing,Apr 2015, Ongoing,,Nathan Abbotts,12/5/17,,,Monthly,Monthly,Monthly,No
NHSE_SUSPlus_Aggregate,ETL,APCSUncosted,Table,This table is used as a part of the processing to derive provider/national average prices. This table identifies rows that do not have a natoinal tariff applied to them and that also meet the criteria for an average tariff to be applied. This table is cleared out once used,Apr 2015 - Ongoing,Apr 2015, Ongoing,,Nathan Abbotts,12/5/17,,,Monthly,Monthly,Monthly,No
NHSE_SUSPlus_Aggregate,ETL,OPAverages,Table,This table is used as a part of the processing to derive provider/national average prices. This table contains details of all of the different average prices that have been derived,Apr 2015 - Ongoing,Apr 2015, Ongoing,,Nathan Abbotts,12/5/17,,,Monthly,Monthly,Monthly,No
NHSE_SUSPlus_Aggregate,ETL,OPUncosted,Table,This table is used as a part of the processing to derive provider/national average prices. This table identifies rows that do not have a natoinal tariff applied to them and that also meet the criteria for an average tariff to be applied. This table is cleared out once used,Apr 2015 - Ongoing,Apr 2015, Ongoing,,Nathan Abbotts,12/5/17,,,Monthly,Monthly,Monthly,No
NHSE_SUSPlus_Aggregate,Mapping,AvPriceAE,Table,The provider and national average prices for A&E,Apr 2015 - Ongoing,Apr 2015, Ongoing,,Nathan Abbotts,12/5/17,,,Monthly,Monthly,Monthly,No
NHSE_SUSPlus_Aggregate,Mapping,AvPriceAPC,Table,The provider and national average prices for APC,Apr 2015 - Ongoing,Apr 2015, Ongoing,,Nathan Abbotts,12/5/17,,,Monthly,Monthly,Monthly,No
NHSE_SUSPlus_Aggregate,Mapping,AvPriceOP,Table,The provider and national average prices for OP,Apr 2015 - Ongoing,Apr 2015, Ongoing,,Nathan Abbotts,12/5/17,,,Monthly,Monthly,Monthly,No
NHSE_SUSPlus_Aggregate,Mapping,CommissionerMaterialised,Table,"A ""lookup table"" for details regarding the commissioner name",N/A,N/A,N/A,,Nathan Abbotts,12/5/17,,,N/A,N/A,N/A,N/A
NHSE_SUSPlus_Aggregate,Mapping,MorecambeBayActivity_OP_Update,Table,"A table to map the Morecambe Bay/Cumbria activity changes, implemented from Apr 2017, to the responsible purchaser field and the CCG fields in the _CCG table",N/A,N/A,N/A,,Nathan Abbotts,12/5/17,,,N/A,N/A,N/A,N/A
NHSE_SUSPlus_Aggregate,Mapping,MorecambeBayActivity_AEA_Update,Table,"A table to map the Morecambe Bay/Cumbria activity changes, implemented from Apr 2017, to the responsible purchaser field and the CCG fields in the _CCG table",N/A,N/A,N/A,,Nathan Abbotts,12/5/17,,,N/A,N/A,N/A,N/A
NHSE_SUSPlus_Aggregate,Mapping,MorecambeBayActivity_APCS_Update,Table,"A table to map the Morecambe Bay/Cumbria activity changes, implemented from Apr 2017, to the responsible purchaser field and the CCG fields in the _CCG table",N/A,N/A,N/A,,Nathan Abbotts,12/5/17,,,N/A,N/A,N/A,N/A
NHSE_SUSPlus_Aggregate,Mapping,NHSECommissionerGrouping,Table,"A ""lookup table"" for the commisisoner grouping type",N/A,N/A,N/A,,Nathan Abbotts,12/5/17,,,N/A,N/A,N/A,N/A
NHSE_SUSPlus_Aggregate,Mapping,NHSECommissionerRegion,Table,"A ""lookup table"" for the commisisoner region",N/A,N/A,N/A,,Nathan Abbotts,12/5/17,,,N/A,N/A,N/A,N/A
NHSE_SUSPlus_Aggregate,Mapping,ProviderMaterialised,Table,"A ""lookup table"" for details regarding the provider name",N/A,N/A,N/A,,Nathan Abbotts,12/5/17,,,N/A,N/A,N/A,N/A
NHSE_SUSPlus_Aggregate,Mapping,TreatmentFunctionCode,Table,"A ""lookup table"" for details regarding the treatment function code and if it is general & acute",N/A,N/A,N/A,,Nathan Abbotts,12/5/17,,,N/A,N/A,N/A,N/A
NHSE_SUSPlus_Aggregate,Staging,CommissionerMappings,Table,"A ""lookup table"" for manual changes for the Data tables, to map form old commissioner codes to new ones",N/A,N/A,N/A,,Nathan Abbotts,12/5/17,,,N/A,N/A,N/A,N/A
NHSE_SUSPlus_Aggregate,Staging,CumbriaGPs,Table,"A ""lookup table"" of the Cumbria GP practice codes. Used for the Morecambe Bay/Cumbria mapping tables",N/A,N/A,N/A,,Nathan Abbotts,12/5/17,,,N/A,N/A,N/A,N/A
NHSE_SUSPlus_Aggregate,Staging,CumbriaLSOAs,Table,"A ""lookup table"" of the Cumbria LSOA codes. Used for the Morecambe Bay/Cumbria mapping tables",N/A,N/A,N/A,,Nathan Abbotts,12/5/17,,,N/A,N/A,N/A,N/A
NHSE_SUSPlus_Aggregate,Staging,MorecambeGPs,Table,"A ""lookup table"" of the Morecambe Bay GP practice codes. Used for the Morecambe Bay/Cumbria mapping tables",N/A,N/A,N/A,,Nathan Abbotts,12/5/17,,,N/A,N/A,N/A,N/A
NHSE_SUSPlus_Aggregate,Staging,MorecambeLSOAs,Table,"A ""lookup table"" of the Morecambe Bay LSOA codes. Used for the Morecambe Bay/Cumbria mapping tables",N/A,N/A,N/A,,Nathan Abbotts,12/5/17,,,N/A,N/A,N/A,N/A
NHSE_SUSPlus_Aggregate,5YFV,CYP_With_Eating_Disorder_Waiting_Times_Comm,View,One of the 5 year forward view extracts. Data from UKHF for Eating Disorder 1 Week [MH02a] and Eating Disorder 4 Week [MH02b],Jun 2017 - Ongoing,Jun 2017, Ongoing,,Nathan Abbotts,12/5/17,,,TBD,TBD,TBD,No
NHSE_SUSPlus_Aggregate,5YFV,CYP_With_Eating_Disorder_Waiting_Times_Region,View,One of the 5 year forward view extracts. Data from UKHF for Eating Disorder 1 Week [MH02a] and Eating Disorder 4 Week [MH02b],Jun 2017 - Ongoing,Jun 2017, Ongoing,,Nathan Abbotts,12/5/17,,,TBD,TBD,TBD,No
NHSE_SUSPlus_Aggregate,5YFV,NHS_111_MDS,View,One of the 5 year forward view extracts. Data from UKHF for Clinical Input (5.22) [UEC09],Sep 2017 - Ongoing,Sep 2017, Ongoing,,Nathan Abbotts,12/5/17,,,TBD,TBD,TBD,No
NHSE_SUSPlus_Aggregate,5YFV,NHS_Workforce_Practice_Level_Census_Data,View,"One of the 5 year forward view extracts. Data from UKHF for GP Workforce [PC03], Physician Associates [PC04] and Clinical Pharmacists [PC06]",Jun 2017 - Ongoing,Jun 2017, Ongoing,,Nathan Abbotts,12/5/17,,,TBD,TBD,TBD,No
NHSE_SUSPlus_Aggregate,CubeExtract,AE,View,The Cube A&E extract. Sourced from the Data.AE1718 table,Apr 2015 - Ongoing,Apr 2015, Ongoing,,Nathan Abbotts,12/5/17,,,Monthly,Monthly,Monthly,No
NHSE_SUSPlus_Aggregate,CubeExtract,APC,View,The Cube APC extract. Sourced from the Data.APC1718 table,Apr 2015 - Ongoing,Apr 2015, Ongoing,,Nathan Abbotts,12/5/17,,,Monthly,Monthly,Monthly,No
NHSE_SUSPlus_Aggregate,CubeExtract,APC_Update,View,The Cube APC extract. Recreated to be sourced from the SUSPlus_Live database,Apr 2015 - Ongoing,Apr 2015, Ongoing,,Nathan Abbotts,12/5/17,,,Monthly,Monthly,Monthly,No
NHSE_SUSPlus_Aggregate,CubeExtract,OP,View,The Cube OP extract. Sourced from the Data.OP1718 table,Apr 2015 - Ongoing,Apr 2015, Ongoing,,Nathan Abbotts,12/5/17,,,Monthly,Monthly,Monthly,No
NHSE_SUSPlus_Aggregate,DoHExtract,AEByCommissioner,View,The DH A&E extract by commissioner. Sourced from the SUSPlus_Live data,Apr 2015 - Ongoing,Apr 2015, Ongoing,,Nathan Abbotts,12/5/17,,,Monthly,Monthly,Monthly,No
NHSE_SUSPlus_Aggregate,DoHExtract,AEByProvider,View,The DH A&E extract by provider. Sourced from the SUSPlus_Live data,Apr 2015 - Ongoing,Apr 2015, Ongoing,,Nathan Abbotts,12/5/17,,,Monthly,Monthly,Monthly,No
NHSE_SUSPlus_Aggregate,DoHExtract,APCByCommissioner,View,The DH APC extract by commissioner. Sourced from the SUSPlus_Live data,Apr 2015 - Ongoing,Apr 2015, Ongoing,,Nathan Abbotts,12/5/17,,,Monthly,Monthly,Monthly,No
NHSE_SUSPlus_Aggregate,DoHExtract,APCByProvider,View,The DH APC extract by provider. Sourced from the SUSPlus_Live data,Apr 2015 - Ongoing,Apr 2015, Ongoing,,Nathan Abbotts,12/5/17,,,Monthly,Monthly,Monthly,No
NHSE_SUSPlus_Aggregate,DoHExtract,OPByCommissioner,View,The DH OP extract by commissioner. Sourced from the SUSPlus_Live data,Apr 2015 - Ongoing,Apr 2015, Ongoing,,Nathan Abbotts,12/5/17,,,Monthly,Monthly,Monthly,No
NHSE_SUSPlus_Aggregate,DoHExtract,OPByProvider,View,The DH OP extract by provider. Sourced from the SUSPlus_Live data,Apr 2015 - Ongoing,Apr 2015, Ongoing,,Nathan Abbotts,12/5/17,,,Monthly,Monthly,Monthly,No
NHSE_SUSPlus_Aggregate,FPDExtract,AEByCommissioner,View,"The FPD A&E extract by commissioner, showing the ""correct"" prices, but the current logic for other variables. Sourced from the SUSPlus_Live data",Apr 2016 - Ongoing,Apr 2016, Ongoing,,Nathan Abbotts,12/5/17,,,Monthly,Monthly,Monthly,No
NHSE_SUSPlus_Aggregate,FPDExtract,AEByHRGActualCost,View,"The FPD A&E extract by HRG, showing the ""correct"" prices, but the current logic for other variables. Sourced from the SUSPlus_Live data",Apr 2016 - Ongoing,Apr 2016, Ongoing,,Nathan Abbotts,12/5/17,,,Monthly,Monthly,Monthly,No
NHSE_SUSPlus_Aggregate,FPDExtract,AEByProvider,View,"The FPD A&E extract by provider, showing the ""correct"" prices, but the current logic for other variables. Sourced from the SUSPlus_Live data",Apr 2016 - Ongoing,Apr 2016, Ongoing,,Nathan Abbotts,12/5/17,,,Monthly,Monthly,Monthly,No
NHSE_SUSPlus_Aggregate,FPDExtract,APCByCommissioner,View,"The FPD APC extract by commissioner, showing the ""correct"" prices, but the current logic for other variables. Sourced from the SUSPlus_Live data",Apr 2016 - Ongoing,Apr 2016, Ongoing,,Nathan Abbotts,12/5/17,,,Monthly,Monthly,Monthly,No
NHSE_SUSPlus_Aggregate,FPDExtract,APCByCommissionerv2,View,"The FPD APC extract by commissioner, showing the ""correct"" prices, but the current logic for other variables. Updated to reflect the manual specialised commissioing change. Sourced from the SUSPlus_Live data",Apr 2016 - Ongoing,Apr 2016, Ongoing,,Nathan Abbotts,12/5/17,,,Monthly,Monthly,Monthly,No
NHSE_SUSPlus_Aggregate,FPDExtract,APCByHRGActualCost,View,"The FPD APC extract by HRG, showing the ""correct"" prices, but the current logic for other variables. Sourced from the SUSPlus_Live data",Apr 2016 - Ongoing,Apr 2016, Ongoing,,Nathan Abbotts,12/5/17,,,Monthly,Monthly,Monthly,No
NHSE_SUSPlus_Aggregate,FPDExtract,APCByHRGActualCostv2,View,"The FPD APC extract by HRG, showing the ""correct"" prices, but the current logic for other variables. Updated to reflect the manual specialised commissioing change. Sourced from the SUSPlus_Live data",Apr 2016 - Ongoing,Apr 2016, Ongoing,,Nathan Abbotts,12/5/17,,,Monthly,Monthly,Monthly,No
NHSE_SUSPlus_Aggregate,FPDExtract,APCByProviderv2,View,"The FPD APC extract by provider, showing the ""correct"" prices, but the current logic for other variables. Updated to reflect the manual specialised commissioing change. Sourced from the SUSPlus_Live data",Apr 2016 - Ongoing,Apr 2016, Ongoing,,Nathan Abbotts,12/5/17,,,Monthly,Monthly,Monthly,No
NHSE_SUSPlus_Aggregate,FPDExtract,OPByCommissioner,View,"The FPD OP extract by commissioner, showing the ""correct"" prices, but the current logic for other variables. Sourced from the SUSPlus_Live data",Apr 2016 - Ongoing,Apr 2016, Ongoing,,Nathan Abbotts,12/5/17,,,Monthly,Monthly,Monthly,No
NHSE_SUSPlus_Aggregate,FPDExtract,OPByHRGActualCost,View,"The FPD OP extract by HRG, showing the ""correct"" prices, but the current logic for other variables. Sourced from the SUSPlus_Live data",Apr 2016 - Ongoing,Apr 2016, Ongoing,,Nathan Abbotts,12/5/17,,,Monthly,Monthly,Monthly,No
NHSE_SUSPlus_Aggregate,FPDExtract,OPByProvider,View,"The FPD OP extract by provider, showing the ""correct"" prices, but the current logic for other variables. Sourced from the SUSPlus_Live data",Apr 2016 - Ongoing,Apr 2016, Ongoing,,Nathan Abbotts,12/5/17,,,Monthly,Monthly,Monthly,No
NHSE_SUSPlus_Aggregate,Imperial,AE,View,The Imperial A&E extract. Sourced from the SUSPlus_Live data,Last 6 months,Last 6 months,Last 6 months,,Nathan Abbotts,12/5/17,,,Monthly,Monthly,Monthly,No
NHSE_SUSPlus_Aggregate,Imperial,APCE,View,The Imperial APC extract. Sourced from the SUSPlus_Live data,Last 6 months,Last 6 months,Last 6 months,,Nathan Abbotts,12/5/17,,,Monthly,Monthly,Monthly,No
NHSE_SUSPlus_Aggregate,Imperial,OP,View,The Imperial OP extract. Sourced from the SUSPlus_Live data,Last 6 months,Last 6 months,Last 6 months,,Nathan Abbotts,12/5/17,,,Monthly,Monthly,Monthly,No
NHSE_SUSPlus_Aggregate,Mapping,Commissioner,View,A lookup of the commissioner from the reference data,N/A,N/A,N/A,,Nathan Abbotts,12/5/17,,,N/A,N/A,N/A,N/A
NHSE_SUSPlus_Aggregate,Mapping,Provider,View,A lookup of the provider from the reference data,N/A,N/A,N/A,,Nathan Abbotts,12/5/17,,,N/A,N/A,N/A,N/A
NHSE_SUSPlus_Aggregate,NHSD,BenchmarkingDC,View,The NHSD day case extract. Sourced from SEM_Live data,Apr 2015 - Ongoing,Apr 2015, Ongoing,,Nathan Abbotts,12/5/17,,,Monthly,Monthly,Monthly,No
NHSE_SUSPlus_Aggregate,NHSD,BenchmarkingEL,View,The NHSD ordinary elective extract. Sourced from SEM_Live data,Apr 2015 - Ongoing,Apr 2015, Ongoing,,Nathan Abbotts,12/5/17,,,Monthly,Monthly,Monthly,No
NHSE_SUSPlus_Aggregate,NHSD,BenchmarkingNE,View,The NHSD non-elective extract. Sourced from SEM_Live data,Apr 2015 - Ongoing,Apr 2015, Ongoing,,Nathan Abbotts,12/5/17,,,Monthly,Monthly,Monthly,No
NHSE_SUSPlus_Aggregate,NHSD,BenchmarkingOP,View,The NHSD outpatient extract. Sourced from SEM_Live data,Apr 2015 - Ongoing,Apr 2015, Ongoing,,Nathan Abbotts,12/5/17,,,Monthly,Monthly,Monthly,No
NHSE_SUSPlus_Aggregate,NHSI,AE,View,The NHSI A&E extract. Sourced from the Data.AE table,Apr 2015 - Ongoing,Apr 2015, Ongoing,,Nathan Abbotts,12/5/17,,,Monthly,Monthly,Monthly,No
NHSE_SUSPlus_Aggregate,NHSI,APC,View,The NHSI APCextract. Sourced from the Data.APC table,Apr 2015 - Ongoing,Apr 2015, Ongoing,,Nathan Abbotts,12/5/17,,,Monthly,Monthly,Monthly,No
NHSE_SUSPlus_Aggregate,NHSI,OP,View,The NHSI OP extract. Sourced from the Data.OP table,Apr 2015 - Ongoing,Apr 2015, Ongoing,,Nathan Abbotts,12/5/17,,,Monthly,Monthly,Monthly,No
NHSE_SUSPlus_Aggregate,OICExtract,AEByCommissionerActualCost,View,"The OIC A&E actual (""correct"") extract, by commissioner. Sourced from the Data.AE table",Apr 2015 - Ongoing,Apr 2015, Ongoing,,Nathan Abbotts,12/5/17,,,Monthly,Monthly,Monthly,No
NHSE_SUSPlus_Aggregate,OICExtract,AEByCommissionerCurrentCost,View,"The OIC A&E current extract, by commissioner. Sourced from the Data.AE1617 table",Apr 2015 - Ongoing,Apr 2015, Ongoing,,Nathan Abbotts,12/5/17,,,Monthly,Monthly,Monthly,No
NHSE_SUSPlus_Aggregate,OICExtract,APCByCommissionerActualCost,View,"The OIC APC actual (""correct"") extract, by commissioner. Sourced from the Data.APC table",Apr 2015 - Ongoing,Apr 2015, Ongoing,,Nathan Abbotts,12/5/17,,,Monthly,Monthly,Monthly,No
NHSE_SUSPlus_Aggregate,OICExtract,APCByCommissionerCurrentCost,View,"The OIC APC current extract, by commissioner. Sourced from the Data.APC1617 table",Apr 2015 - Ongoing,Apr 2015, Ongoing,,Nathan Abbotts,12/5/17,,,Monthly,Monthly,Monthly,No
NHSE_SUSPlus_Aggregate,OICExtract,APCByProviderActualCost,View,"The OIC APC actual (""correct"") extract, by provider. Sourced from the Data.APC table",Apr 2015 - Ongoing,Apr 2015, Ongoing,,Nathan Abbotts,12/5/17,,,Monthly,Monthly,Monthly,No
NHSE_SUSPlus_Aggregate,OICExtract,APCByProviderCurrentCost,View,"The OIC APC current extract, by provider. Sourced from the Data.APC1617 table",Apr 2015 - Ongoing,Apr 2015, Ongoing,,Nathan Abbotts,12/5/17,,,Monthly,Monthly,Monthly,No
NHSE_SUSPlus_Aggregate,OICExtract,OPByCommissionerActualCost,View,"The OIC OP actual (""correct"") extract, by commissioner. Sourced from the Data.OP table",Apr 2015 - Ongoing,Apr 2015, Ongoing,,Nathan Abbotts,12/5/17,,,Monthly,Monthly,Monthly,No
NHSE_SUSPlus_Aggregate,OICExtract,OPByCommissionerCurrentCost,View,"The OIC OP current extract, by commissioner. Sourced from the Data.OP1617 table",Apr 2015 - Ongoing,Apr 2015, Ongoing,,Nathan Abbotts,12/5/17,,,Monthly,Monthly,Monthly,No
NHSE_SUSPlus_Aggregate,StandardExtract,AE1516,View,The standard A&E extract for 2015/16. Sourced from the Data.AE1516 table,Apr 2015 - Mar 2016,Apr 2015, Mar 2016,,Nathan Abbotts,12/5/17,,,Monthly,Monthly,Monthly,Yes
NHSE_SUSPlus_Aggregate,StandardExtract,AE1617,View,The standard A&E extract for 2016/17. Sourced from the Data.AE1617 table,Apr 2016 - Mar 2017,Apr 2016, Mar 2017,,Nathan Abbotts,12/5/17,,,Monthly,Monthly,Monthly,Yes
NHSE_SUSPlus_Aggregate,StandardExtract,AE1718,View,The standard A&E extract for 2017/18. Sourced from the Data.OP1718 table,Apr 2017 - Ongoing,Apr 2017, Ongoing,,Nathan Abbotts,12/5/17,,,Monthly,Monthly,Monthly,No
NHSE_SUSPlus_Aggregate,StandardExtract,APC1516,View,The standard APC extract for 2015/16. Sourced from the Data.APC1516 table,Apr 2015 - Mar 2016,Apr 2015, Mar 2016,,Nathan Abbotts,12/5/17,,,Monthly,Monthly,Monthly,Yes
NHSE_SUSPlus_Aggregate,StandardExtract,APC1617,View,The standard APC extract for 2016/17. Sourced from the Data.APC1617 table,Apr 2016 - Mar 2017,Apr 2016, Mar 2017,,Nathan Abbotts,12/5/17,,,Monthly,Monthly,Monthly,Yes
NHSE_SUSPlus_Aggregate,StandardExtract,APC1718,View,The standard APC extract for 2017/18. Sourced from the Data.OP1718 table,Apr 2017 - Ongoing,Apr 2017, Ongoing,,Nathan Abbotts,12/5/17,,,Monthly,Monthly,Monthly,No
NHSE_SUSPlus_Aggregate,StandardExtract,OP1516,View,The standard OP extract for 2015/16. Sourced from the Data.OP1516 table,Apr 2015 - Mar 2016,Apr 2015, Mar 2016,,Nathan Abbotts,12/5/17,,,Monthly,Monthly,Monthly,Yes
NHSE_SUSPlus_Aggregate,StandardExtract,OP1617,View,The standard OP extract for 2016/17. Sourced from the Data.OP1617 table,Apr 2016 - Mar 2017,Apr 2016, Mar 2017,,Nathan Abbotts,12/5/17,,,Monthly,Monthly,Monthly,Yes
NHSE_SUSPlus_Aggregate,StandardExtract,OP1718,View,The standard OP extract for 2017/18. Sourced from the Data.OP1718 table,Apr 2017 - Ongoing,Apr 2017, Ongoing,,Nathan Abbotts,12/5/17,,,Monthly,Monthly,Monthly,No
NHSE_SUSPlus_Aggregate,THF,AE,View,The Health Foundation A&E extract. Sourced from the SUSPlus_Live data,Last 6 months,Last 6 months,Last 6 months,,Nathan Abbotts,12/5/17,,,Monthly,Monthly,Monthly,No
NHSE_SUSPlus_Aggregate,THF,APCE,View,The Health Foundation APC (episodes) extract. Sourced from the SUSPlus_Live data,Last 6 months,Last 6 months,Last 6 months,,Nathan Abbotts,12/5/17,,,Monthly,Monthly,Monthly,No
NHSE_SUSPlus_Aggregate,THF,APCS,View,The Health Foundation APC (spells) extract. Sourced from the SUSPlus_Live data,Last 6 months,Last 6 months,Last 6 months,,Nathan Abbotts,12/5/17,,,Monthly,Monthly,Monthly,No
NHSE_SUSPlus_Aggregate,THF,OP,View,The Health Foundation OP extract. Sourced from the SUSPlus_Live data,Last 6 months,Last 6 months,Last 6 months,,Nathan Abbotts,12/5/17,,,Monthly,Monthly,Monthly,No
NHSE_SUSPlus_Live,,,N/A,"The SUS+ data. This includes data for admitted patient care, accident & emergency and outpatients",N/A,N/A,N/A,http://content.digital.nhs.uk/sus/susguidance,Nathan Abbotts,12/5/17,,,N/A,N/A,N/A,N/A
NHSE_SUSPlus_Live,QA,,N/A,The schema used for quality assurance and testing of the data.,N/A,N/A,N/A,,Nathan Abbotts,12/5/17,,,N/A,N/A,N/A,N/A
NHSE_SUSPlus_Live,dbo,tbl_Data_PbR_CC,Table,The PbR critical care data,Apr 2015 - Ongoing,Apr 2015, Ongoing,,Nathan Abbotts,12/5/17,,,Monthly,Monthly,Monthly,No
NHSE_SUSPlus_Live,dbo,tbl_Data_SEM_AEA,Table,"The A&E data, taken from SUS SEM from 2008/09 until 2014/15 and from SUS+ for 2015/16 onwards",Apr 2008 - Ongoing,Apr 2008, Ongoing,http://content.digital.nhs.uk/sus/susguidance,Nathan Abbotts,12/5/17,,,Monthly,Monthly,Monthly,No
NHSE_SUSPlus_Live,dbo,tbl_Data_SEM_AEA_1314_Cost,Table,Contains cost/price data for the 2013/14 national tariff rules,Apr 2008 - Mar 2014,Apr 2008, Mar 2014,,Nathan Abbotts,12/5/17,,,Monthly,Monthly,Monthly,No
NHSE_SUSPlus_Live,dbo,tbl_Data_SEM_AEA_1314_Der,Table,Contains various derivations for the 2013/14 logic,Apr 2008 - Mar 2014,Apr 2008, Mar 2014,,Nathan Abbotts,12/5/17,,,Monthly,Monthly,Monthly,No
NHSE_SUSPlus_Live,dbo,tbl_Data_SEM_AEA_1415_Cost,Table,Contains cost/price data for the 2014/15 national tariff rules,Apr 2008 - Mar 2015,Apr 2008, Mar 2015,,Nathan Abbotts,12/5/17,,,Monthly,Monthly,Monthly,No
NHSE_SUSPlus_Live,dbo,tbl_Data_SEM_AEA_1415_Der,Table,Contains various derivations for the 2014/15 logic,Apr 2008 - Mar 2015,Apr 2008, Mar 2015,,Nathan Abbotts,12/5/17,,,Monthly,Monthly,Monthly,No
NHSE_SUSPlus_Live,dbo,tbl_Data_SEM_AEA_1516_Cost,Table,Contains cost/price data for the 2015/16 national tariff rules,Apr 2008 - Ongoing,Apr 2008, Ongoing,,Nathan Abbotts,12/5/17,,,Monthly,Monthly,Monthly,No
NHSE_SUSPlus_Live,dbo,tbl_Data_SEM_AEA_1516_Der,Table,Contains various derivations for the 2015/16 logic,Apr 2008 - Ongoing,Apr 2008, Ongoing,,Nathan Abbotts,12/5/17,,,Monthly,Monthly,Monthly,No
NHSE_SUSPlus_Live,dbo,tbl_Data_SEM_AEA_1617_Cost,Table,Contains cost/price data for the 2016/17 national tariff rules,Apr 2008 - Ongoing,Apr 2008, Ongoing,,Nathan Abbotts,12/5/17,,,Monthly,Monthly,Monthly,No
NHSE_SUSPlus_Live,dbo,tbl_Data_SEM_AEA_1617_Der,Table,Contains various derivations for the 2016/17 logic,Apr 2008 - Ongoing,Apr 2008, Ongoing,,Nathan Abbotts,12/5/17,,,Monthly,Monthly,Monthly,No
NHSE_SUSPlus_Live,dbo,tbl_Data_SEM_AEA_1718_Cost,Table,Contains cost/price data for the 2017/18 national tariff rules,Apr 2008 - Ongoing,Apr 2008, Ongoing,,Nathan Abbotts,12/5/17,,,Monthly,Monthly,Monthly,No
NHSE_SUSPlus_Live,dbo,tbl_Data_SEM_AEA_1718_Der,Table,Contains various derivations for the 2017/18 logic,Apr 2008 - Ongoing,Apr 2008, Ongoing,,Nathan Abbotts,12/5/17,,,Monthly,Monthly,Monthly,No
NHSE_SUSPlus_Live,dbo,tbl_Data_SEM_AEA_1819_Cost,Table,Contains cost/price data for the 2018/19 national tariff rules,Apr 2015 - Ongoing,Apr 2015, Ongoing,,Nathan Abbotts,12/5/17,,,Monthly,Monthly,Monthly,No
NHSE_SUSPlus_Live,dbo,tbl_Data_SEM_AEA_CCG,Table,Contains various different CCG lookups,Apr 2008 - Ongoing,Apr 2008, Ongoing,,Nathan Abbotts,12/5/17,,,Monthly,Monthly,Monthly,No
NHSE_SUSPlus_Live,dbo,tbl_Data_SEM_APCE,Table,"The APCE data, taken from SUS SEM from 2008/09 until 2014/15 and from SUS+ for 2015/16 onwards",Apr 2015 - Ongoing,Apr 2015, Ongoing,http://content.digital.nhs.uk/sus/susguidance,Nathan Abbotts,12/5/17,,,Monthly,Monthly,Monthly,No
NHSE_SUSPlus_Live,dbo,tbl_Data_SEM_APCE_1314_Der,Table,Contains various derivations for the 2013/14 logic,Apr 2008 - Mar 2014,Apr 2008, Mar 2014,,Nathan Abbotts,12/5/17,,,Monthly,Monthly,Monthly,No
NHSE_SUSPlus_Live,dbo,tbl_Data_SEM_APCE_1415_Der,Table,Contains various derivations for the 2014/15 logic,Apr 2008 - Mar 2015,Apr 2008, Mar 2015,,Nathan Abbotts,12/5/17,,,Monthly,Monthly,Monthly,No
NHSE_SUSPlus_Live,dbo,tbl_Data_SEM_APCE_1516_Der,Table,Contains cost/price data for the 2015/16 national tariff rules,Apr 2015 - Ongoing,Apr 2015, Ongoing,,Nathan Abbotts,12/5/17,,,Monthly,Monthly,Monthly,No
NHSE_SUSPlus_Live,dbo,tbl_Data_SEM_APCE_1617_Der,Table,Contains cost/price data for the 2016/17 national tariff rules,Apr 2015 - Ongoing,Apr 2015, Ongoing,,Nathan Abbotts,12/5/17,,,Monthly,Monthly,Monthly,No
NHSE_SUSPlus_Live,dbo,tbl_Data_SEM_APCE_1718_Der,Table,Contains cost/price data for the 2017/18 national tariff rules,Apr 2015 - Ongoing,Apr 2015, Ongoing,,Nathan Abbotts,12/5/17,,,Monthly,Monthly,Monthly,No
NHSE_SUSPlus_Live,dbo,tbl_Data_SEM_APCE_Baby,Table,"The APCE data for births, taken from SUS SEM",Apr 2015 - Ongoing,Apr 2015, Ongoing,,Nathan Abbotts,12/5/17,,,Monthly,Monthly,Monthly,No
NHSE_SUSPlus_Live,dbo,tbl_Data_SEM_APCE_CCP,Table,"The APCE data for critical care, taken from SUS SEM",Apr 2015 - Ongoing,Apr 2015, Ongoing,,Nathan Abbotts,12/5/17,,,Monthly,Monthly,Monthly,No
NHSE_SUSPlus_Live,dbo,tbl_Data_SEM_APCE_Diag,Table,"The APCE diagnosis data, taken from SUS SEM",Apr 2015 - Ongoing,Apr 2015, Ongoing,,Nathan Abbotts,12/5/17,,,Monthly,Monthly,Monthly,No
NHSE_SUSPlus_Live,dbo,tbl_Data_SEM_APCE_Proc,Table,"The APCE procedure data, taken from SUS SEM",Apr 2015 - Ongoing,Apr 2015, Ongoing,,Nathan Abbotts,12/5/17,,,Monthly,Monthly,Monthly,No
NHSE_SUSPlus_Live,dbo,tbl_Data_SEM_APCE_Ward,Table,"The APCE data for ward stays, taken from SUS SEM",Apr 2015 - Ongoing,Apr 2015, Ongoing,,Nathan Abbotts,12/5/17,,,Monthly,Monthly,Monthly,No
NHSE_SUSPlus_Live,dbo,tbl_Data_SEM_APCS,Table,"The APCS data, taken from SUS SEM from 2008/09 until 2014/15 and from SUS+ for 2015/16 onwards",Apr 2015 - Ongoing,Apr 2015, Ongoing,http://content.digital.nhs.uk/sus/susguidance,Nathan Abbotts,12/5/17,,,Monthly,Monthly,Monthly,No
NHSE_SUSPlus_Live,dbo,tbl_Data_SEM_APCS_1314_Cost,Table,Contains cost/price data for the 2013/14 national tariff rules,Apr 2008 - Mar 2014,Apr 2008, Mar 2014,,Nathan Abbotts,12/5/17,,,Monthly,Monthly,Monthly,No
NHSE_SUSPlus_Live,dbo,tbl_Data_SEM_APCS_1314_Der,Table,Contains various derivations for the 2013/14 logic,Apr 2008 - Mar 2014,Apr 2008, Mar 2014,,Nathan Abbotts,12/5/17,,,Monthly,Monthly,Monthly,No
NHSE_SUSPlus_Live,dbo,tbl_Data_SEM_APCS_1415_Cost,Table,Contains cost/price data for the 2014/15 national tariff rules,Apr 2008 - Mar 2015,Apr 2008, Mar 2015,,Nathan Abbotts,12/5/17,,,Monthly,Monthly,Monthly,No
NHSE_SUSPlus_Live,dbo,tbl_Data_SEM_APCS_1415_Der,Table,Contains various derivations for the 2014/15 logic,Apr 2008 - Mar 2015,Apr 2008, Mar 2015,,Nathan Abbotts,12/5/17,,,Monthly,Monthly,Monthly,No
NHSE_SUSPlus_Live,dbo,tbl_Data_SEM_APCS_1516_Cost,Table,Contains cost/price data for the 2015/16 national tariff rules,Apr 2008 - Ongoing,Apr 2015, Ongoing,,Nathan Abbotts,12/5/17,,,Monthly,Monthly,Monthly,No
NHSE_SUSPlus_Live,dbo,tbl_Data_SEM_APCS_1516_Der,Table,Contains various derivations for the 2015/16 logic,Apr 2008 - Ongoing,Apr 2015, Ongoing,,Nathan Abbotts,12/5/17,,,Monthly,Monthly,Monthly,No
NHSE_SUSPlus_Live,dbo,tbl_Data_SEM_APCS_1617_Cost,Table,Contains cost/price data for the 2016/17 national tariff rules,Apr 2008 - Ongoing,Apr 2015, Ongoing,,Nathan Abbotts,12/5/17,,,Monthly,Monthly,Monthly,No
NHSE_SUSPlus_Live,dbo,tbl_Data_SEM_APCS_1617_Der,Table,Contains various derivations for the 2016/17 logic,Apr 2008 - Ongoing,Apr 2015, Ongoing,,Nathan Abbotts,12/5/17,,,Monthly,Monthly,Monthly,No
NHSE_SUSPlus_Live,dbo,tbl_Data_SEM_APCS_1718_Cost,Table,Contains cost/price data for the 2017/18 national tariff rules,Apr 2008 - Ongoing,Apr 2015, Ongoing,,Nathan Abbotts,12/5/17,,,Monthly,Monthly,Monthly,No
NHSE_SUSPlus_Live,dbo,tbl_Data_SEM_APCS_1718_Der,Table,Contains various derivations for the 2017/18 logic,Apr 2008 - Ongoing,Apr 2015, Ongoing,,Nathan Abbotts,12/5/17,,,Monthly,Monthly,Monthly,No
NHSE_SUSPlus_Live,dbo,tbl_Data_SEM_APCS_1819_Cost,Table,Contains cost/price data for the 2018/19 national tariff rules,Apr 2015 - Ongoing,Apr 2015, Ongoing,,Nathan Abbotts,12/5/17,,,Monthly,Monthly,Monthly,No
NHSE_SUSPlus_Live,dbo,tbl_Data_SEM_APCS_CCG,Table,Contains various different CCG lookups,Apr 2015 - Ongoing,Apr 2015, Ongoing,,Nathan Abbotts,12/5/17,,,Monthly,Monthly,Monthly,No
NHSE_SUSPlus_Live,dbo,tbl_Data_SEM_OPA,Table,"The OP data, taken from SUS SEM from 2008/09 until 2014/15 and from SUS+ for 2015/16 onwards",Apr 2008 - Ongoing,Apr 2008, Ongoing,http://content.digital.nhs.uk/sus/susguidance,Nathan Abbotts,12/5/17,,,Monthly,Monthly,Monthly,No
NHSE_SUSPlus_Live,dbo,tbl_Data_SEM_OPA_1314_Cost,Table,Contains cost/price data for the 2013/14 national tariff rules,Apr 2008 - Mar 2014,Apr 2008, Mar 2014,,Nathan Abbotts,12/5/17,,,Monthly,Monthly,Monthly,No
NHSE_SUSPlus_Live,dbo,tbl_Data_SEM_OPA_1314_Der,Table,Contains various derivations for the 2013/14 logic,Apr 2008 - Mar 2014,Apr 2008, Mar 2014,,Nathan Abbotts,12/5/17,,,Monthly,Monthly,Monthly,No
NHSE_SUSPlus_Live,dbo,tbl_Data_SEM_OPA_1415_Cost,Table,Contains cost/price data for the 2014/15 national tariff rules,Apr 2008 - Mar 2015,Apr 2008, Mar 2015,,Nathan Abbotts,12/5/17,,,Monthly,Monthly,Monthly,No
NHSE_SUSPlus_Live,dbo,tbl_Data_SEM_OPA_1415_Der,Table,Contains various derivations for the 2014/15 logic,Apr 2008 - Mar 2015,Apr 2008, Mar 2015,,Nathan Abbotts,12/5/17,,,Monthly,Monthly,Monthly,No
NHSE_SUSPlus_Live,dbo,tbl_Data_SEM_OPA_1516_Cost,Table,Contains cost/price data for the 2015/16 national tariff rules,Apr 2008 - Ongoing,Apr 2008, Ongoing,,Nathan Abbotts,12/5/17,,,Monthly,Monthly,Monthly,No
NHSE_SUSPlus_Live,dbo,tbl_Data_SEM_OPA_1516_Der,Table,Contains various derivations for the 2015/16 logic,Apr 2008 - Ongoing,Apr 2008, Ongoing,,Nathan Abbotts,12/5/17,,,Monthly,Monthly,Monthly,No
NHSE_SUSPlus_Live,dbo,tbl_Data_SEM_OPA_1617_Cost,Table,Contains cost/price data for the 2016/17 national tariff rules,Apr 2008 - Ongoing,Apr 2008, Ongoing,,Nathan Abbotts,12/5/17,,,Monthly,Monthly,Monthly,No
NHSE_SUSPlus_Live,dbo,tbl_Data_SEM_OPA_1617_Der,Table,Contains various derivations for the 2016/17 logic,Apr 2008 - Ongoing,Apr 2008, Ongoing,,Nathan Abbotts,12/5/17,,,Monthly,Monthly,Monthly,No
NHSE_SUSPlus_Live,dbo,tbl_Data_SEM_OPA_1718_Cost,Table,Contains cost/price data for the 2017/18 national tariff rules,Apr 2008 - Ongoing,Apr 2008, Ongoing,,Nathan Abbotts,12/5/17,,,Monthly,Monthly,Monthly,No
NHSE_SUSPlus_Live,dbo,tbl_Data_SEM_OPA_1718_Der,Table,Contains various derivations for the 2017/18 logic,Apr 2008 - Ongoing,Apr 2008, Ongoing,,Nathan Abbotts,12/5/17,,,Monthly,Monthly,Monthly,No
NHSE_SUSPlus_Live,dbo,tbl_Data_SEM_OPA_1819_Cost,Table,Contains cost/price data for the 2018/19 national tariff rules,Apr 2015 - Ongoing,Apr 2015, Ongoing,,Nathan Abbotts,12/5/17,,,Monthly,Monthly,Monthly,No
NHSE_SUSPlus_Live,dbo,tbl_Data_SEM_OPA_CCG,Table,Contains various different CCG lookups,Apr 2008 - Ongoing,Apr 2008, Ongoing,,Nathan Abbotts,12/5/17,,,Monthly,Monthly,Monthly,No
NHSE_SUSPlus_Live,dbo,tbl_Data_SEM_OPA_Diag,Table,"The OP diagnosis data, taken from SUS SEM",Apr 2008 - Ongoing,Apr 2008, Ongoing,,Nathan Abbotts,12/5/17,,,Monthly,Monthly,Monthly,No
NHSE_SUSPlus_Live,dbo,tbl_Data_SEM_OPA_Proc,Table,"The OP procedure data, taken from SUS SEM",Apr 2008 - Ongoing,Apr 2008, Ongoing,,Nathan Abbotts,12/5/17,,,Monthly,Monthly,Monthly,No
NHSE_SUSPlus_Live,dbo,tbl_Data_SEM_RefCost_AEA,Table,"The reference cost HRG-level output, from the 2014/15 reference cost grouper",Apr 2015 - Ongoing,Apr 2015, Ongoing,,Nathan Abbotts,12/5/17,,,Monthly,Monthly,Monthly,No
NHSE_SUSPlus_Live,dbo,tbl_Data_SEM_RefCost_APCE,Table,"The reference cost HRG-level output, from the 2014/15 reference cost grouper",Apr 2015 - Ongoing,Apr 2015, Ongoing,,Nathan Abbotts,12/5/17,,,Monthly,Monthly,Monthly,No
NHSE_SUSPlus_Live,dbo,tbl_Data_SEM_RefCost_APCE_UB,Table,"The reference cost unbundled HRG-level output, from the 2014/15 reference cost grouper",Apr 2015 - Ongoing,Apr 2015, Ongoing,,Nathan Abbotts,12/5/17,,,Monthly,Monthly,Monthly,No
NHSE_SUSPlus_Live,dbo,tbl_Data_SEM_RefCost_OPA,Table,"The reference cost HRG-level output, from the 2014/15 reference cost grouper",Apr 2015 - Ongoing,Apr 2015, Ongoing,,Nathan Abbotts,12/5/17,,,Monthly,Monthly,Monthly,No
NHSE_SUSPlus_Live,dbo,tbl_Data_SEM_RefCost_OPA_UB,Table,"The reference cost unbundled HRG-level output, from the 2014/15 reference cost grouper",Apr 2015 - Ongoing,Apr 2015, Ongoing,,Nathan Abbotts,12/5/17,,,Monthly,Monthly,Monthly,No
NHSE_SUSPlus_Live,QA,errors,Table,The table used to store any data issues for quality assurance/testing purposes,N/A,N/A,N/A,,Nathan Abbotts,12/5/17,,,N/A,N/A,N/A,N/A
NHSE_SUSPlus_Live,dbo,uvw_NHSE_SUSPlus_Live_PartitionCountPivot,View,A pivoted view of the view dbo.uvw_NHSE_SEM_Live_partitionCounts,Apr 2008 - Ongoing,Apr 2008, Ongoing,,Nathan Abbotts,12/5/17,,,N/A,N/A,N/A,N/A
NHSE_SUSPlus_Live,dbo,uvw_NHSE_SUSPlus_Live_partitionCounts,View,"A view of the partitions of the data, in the database",Apr 2008 - Ongoing,Apr 2008, Ongoing,,Nathan Abbotts,12/5/17,,,N/A,N/A,N/A,N/A
NHSE_SUSPlus_Live,dbo,vw_SJS_APCE_Checks,View,A view of a subset of the APCE data to check for a potential issue,Apr 2008 - Ongoing,Apr 2008, Ongoing,,Nathan Abbotts,12/5/17,,,N/A,N/A,N/A,N/A
NHSE_SUSPlus_Live,dbo,vw_SJS_OPA_All,View,A view of a subset of the OP data,Jan 2016 - Ongoing,Jan 2016, Ongoing,,Nathan Abbotts,12/5/17,,,N/A,N/A,N/A,N/A
NHSE_SUSPlus_Live,dbo,vw_SJS_OPA_Checks,View,"A view of a subset of the OP data, sourced from the SEM_Live dbo.tbl_Data_SEM_OPACheck table",Apr 2008 - Ongoing,Apr 2008, Ongoing,,Nathan Abbotts,12/5/17,,,N/A,N/A,N/A,N/A
NHSE_SUSPlus_Live,dbo,vw_SJS_OPA_Lon,View,A view of a subset of the OP data for London organisations,Apr 2008 - Ongoing,Apr 2008, Ongoing,,Nathan Abbotts,12/5/17,,,N/A,N/A,N/A,N/A
